wave,filename,status,track_id
第一波 · 07-16,本当みたい - OGRE YOU A**HOLE.mp3,formal_tag,qq:002kFal22gjGlC
第一波 · 07-16,大雁 - 文雀.mp3,not_matched_to_songbase,
第一波 · 07-16,海边利物浦 - 重返袖珍时光.mp3,not_matched_to_songbase,
第一波 · 07-16,开心来 (Crashing Light) - 咸空气乐队.mp3,not_matched_to_songbase,
第一波 · 07-16,落梦池 - 文雀.mp3,not_matched_to_songbase,
第一波 · 07-16,门 - FunkyMo.mp3,formal_tag,qq:0030sSjW17cSWD
第一波 · 07-16,秋寒 - 琥珀乐队.mp3,not_matched_to_songbase,
第一波 · 07-16,水去云回 - 重返袖珍时光.mp3,not_matched_to_songbase,
第一波 · 07-16,水泳教室 - betcover!!.mp3,not_matched_to_songbase,
第一波 · 07-16,他偷走了西雅图的天空 - Fayzz.mp3,not_matched_to_songbase,
第一波 · 07-16,體育 - 甜梅号.mp3,not_matched_to_songbase,
第一波 · 07-16,心中潮汐 - 琥珀乐队.mp3,not_matched_to_songbase,
第一波 · 07-16,最初的爱情 (The Love Story) - 鲸鱼马戏团.mp3,formal_tag,qq:000F8aV32nHJxf
第一波 · 07-16,airport (机场) - 柏大輔 (かしわ だいすけ).mp3,not_matched_to_songbase,
第一波 · 07-16,Can You Focus - Jiyoung Chung.mp3,formal_tag,qq:000up5Sy41DSCS
第一波 · 07-16,Chateau - Cory Wong.mp3,formal_tag,qq:003iodBT3kKdAC
第一波 · 07-16,Cœur croisé - Polo & Pan.mp3,formal_tag,qq:004StP7u0GX8V2
第一波 · 07-16,Days - Balmorhea.mp3,formal_tag,qq:003QKuSZ04ELv8
第一波 · 07-16,Distance - Fayzz.mp3,formal_tag,qq:001neLbY2J9GCJ
第一波 · 07-16,Echo Dance - Fayzz.mp3,not_matched_to_songbase,
第一波 · 07-16,Every Direction Is North - El Ten Eleven.mp3,formal_tag,qq:0045eDgY0ZvWpa
第一波 · 07-16,Forlorn Hope - Fayzz.mp3,not_matched_to_songbase,
第一波 · 07-16,Mariana - Childs.mp3,not_matched_to_songbase,
第一波 · 07-16,Memory One - Ludovico Einaudi.mp3,not_matched_to_songbase,
第一波 · 07-16,Nice to Meet You - AMnesiac安尼西亞.mp3,not_matched_to_songbase,
第一波 · 07-16,Night In the Draw - Balmorhea.mp3,not_matched_to_songbase,
第一波 · 07-16,Pantyhose - TV Girl.mp3,not_matched_to_songbase,
第一波 · 07-16,Sagu Palm's Song - 青葉市子.mp3,formal_tag,qq:004F9h4J1NjHD9
第一波 · 07-16,Thanks Bill - El Ten Eleven.mp3,formal_tag,qq:003zUuoF0NDRsm
第一波 · 07-16,White Light - AMnesiac安尼西亞.mp3,not_matched_to_songbase,
第一波 · 07-16,ライフワーク - OGRE YOU A**HOLE.mp3,formal_tag,qq:000LbxEY3wyFZ8
第二波 · 07-22,10th sentimen - sow.mp3,formal_tag,qq:001IfO1Y2pBPvg
第二波 · 07-22,常熱 - Vaundy.mp3,formal_tag,qq:002QAigR2LzEFn
第二波 · 07-22,無い!! - ゆらゆら帝国.mp3,formal_tag,qq:001fTrGD0zDCAd
第二波 · 07-22,許婚っきゅん - ano.mp3,formal_tag,qq:003F1DtT0DU41P
第二波 · 07-22,置き手紙 - Vaundy.mp3,formal_tag,qq:0005TLIJ2KzqZ9
第二波 · 07-22,a slice of peach - 牛尾憲輔.mp3,formal_tag,qq:003JrvIu3v8psF
第二波 · 07-22,"Aesthetic - Tollan Kim, Kudasaibeats.mp3",formal_tag,qq:000ZIAfo2RSwxU
第二波 · 07-22,Ask for Love - Joey Pecoraro.mp3,formal_tag,qq:000HDXAt3GgW4h
第二波 · 07-22,AWARDS SEASON - Bon Iver.mp3,not_matched_to_songbase,
第二波 · 07-22,Belle Âme - Jordan Critz.mp3,formal_tag,qq:000EgY123dwnX9
第二波 · 07-22,DAY DREAMING - やけのはら.mp3,formal_tag,qq:001WvV0B2EkgXw
第二波 · 07-22,"Detective Lungmen - 塞壬唱片-MSR, 顾忠山, Damien Banzigou.mp3",formal_tag,qq:000IEMhw2BYOh7
第二波 · 07-22,Don't Come Home Today - Good Morning.mp3,formal_tag,qq:003cxef417It4Q
第二波 · 07-22,Don't Look Back In Anger - 羊毛とおはな.mp3,formal_tag,qq:001By7Vt3CGYpK
第二波 · 07-22,Dreams Today - Efterklang.mp3,formal_tag,qq:002kir4k1YoDFP
第二波 · 07-22,Dry Fantasy - Mogwai.mp3,formal_tag,qq:000eNIUG49IH5U
第二波 · 07-22,Fort - GoGo Penguin.mp3,formal_tag,qq:003Vop5Z2Vz497
第二波 · 07-22,fu uh - Chilli Beans..mp3,formal_tag,qq:000VtXQj0oR6WQ
第二波 · 07-22,GOOD BYE - Verandah Project.mp3,not_matched_to_songbase,
第二波 · 07-22,Green Is the Colour - Pink Floyd.mp3,not_matched_to_songbase,
第二波 · 07-22,Hallway Weather - NIKI.mp3,not_matched_to_songbase,
第二波 · 07-22,Hate Yourself - TV Girl.mp3,formal_tag,qq:003bim293q4qHu
第二波 · 07-22,"I Am Yesterday - Zoe Boekbinder, Gracie and Rachel.mp3",not_matched_to_songbase,
第二波 · 07-22,"Inside Friend - Leon Bridges, John Mayer.mp3",not_matched_to_songbase,
第二波 · 07-22,Let's Get It On - Marvin Gaye.mp3,formal_tag,qq:0023ylVm2PEvez
第二波 · 07-22,"Long Walk, Short Dock - Blue Wednesday, juniorodeo.mp3",formal_tag,qq:001W1IJd2oFNwF
第二波 · 07-22,Lovelight - Cosmo's Midnight.mp3,formal_tag,qq:002UDvk23XDz6F
第二波 · 07-22,Lucky - Choker.mp3,formal_tag,qq:000xu9YP0QyWcn
第二波 · 07-22,"Marlie's Song (feat. Jared Evan) - Hoodie Allen, Jared Evan.mp3",formal_tag,qq:000BvWag0zd5HI
第二波 · 07-22,May Ninth - Khruangbin.mp3,formal_tag,qq:00331Tlh36QIx0
第三波 · 07-28,81 autumn - Uyama Hiroto.mp3,formal_tag,qq:000NCAYD2o8kMk
第三波 · 07-28,悋気 - iwamizu.mp3,formal_tag,qq:000b5w1649YZam
第三波 · 07-28,南方 - 文雀.mp3,formal_tag,qq:0029bARE21ML6j
第三波 · 07-28,未定 - chilldspot.mp3,formal_tag,qq:004Lze9o1l2NHm
第三波 · 07-28,Angel Feed - Yard Nule.mp3,formal_tag,qq:0013zSOF2zSV7k
第三波 · 07-28,Breaking News - Deluxe.mp3,formal_tag,qq:002ZTVhb0fIvtH
第三波 · 07-28,Cassiopeia - EDD-989.mp3,not_matched_to_songbase,
第三波 · 07-28,Continuum 1 - Nala Sinephro.mp3,formal_tag,qq:002MhnQs41R10a
第三波 · 07-28,Dem My Dogs - Healy.mp3,formal_tag,qq:001QjNkD4BIRDS
第三波 · 07-28,Easy Does It - Harry McNally.mp3,formal_tag,qq:002lQStw2C4X8q
第三波 · 07-28,Escargot Blues - Guantanamo Bay Surf Club.mp3,formal_tag,qq:004EV2iy0KtfE4
第三波 · 07-28,Jetzt - Cro.mp3,not_matched_to_songbase,
第三波 · 07-28,Living Frost - Mammal Hands.mp3,formal_tag,qq:001weqfk0vvZW5
第三波 · 07-28,Long Way Home - Lamplighters点灯人.mp3,not_matched_to_songbase,
第三波 · 07-28,Lost Myslf - Tai Verdes.mp3,formal_tag,qq:003jwsZ22dp65l
第三波 · 07-28,Musicology - Prince.mp3,formal_tag,qq:0040UVDj4bZZ3N
第三波 · 07-28,One Percent - GoGo Penguin.mp3,formal_tag,qq:003uNcgM19QImw
第三波 · 07-28,Play Me - Orion Song.mp3,formal_tag,qq:000ptCkP0XhwGC
第三波 · 07-28,postlude - FLOWER FLOWER.mp3,formal_tag,qq:0010hgVL2wxDa6
第三波 · 07-28,Pulse - RePlus.mp3,formal_tag,qq:002AKMaL3RJz3j
第三波 · 07-28,Red Moon - Tom Misch.mp3,formal_tag,qq:002lo8SN1mOVC8
第三波 · 07-28,Remembrance - Balmorhea.mp3,formal_tag,qq:001ATjVB4OutLK
第三波 · 07-28,Snap Back - twenty one pilots.mp3,formal_tag,qq:004gYJSJ3VOcun
第三波 · 07-28,Starcourt - Kyle Dixon & Michael Stein.mp3,formal_tag,qq:003ko13i4STM3G
第三波 · 07-28,Sundays - FKJ.mp3,formal_tag,qq:000U7YQH3N6K4D
第三波 · 07-28,The edge of everything - Sleepmakeswaves.mp3,formal_tag,qq:004fGoVl3u0eL0
第三波 · 07-28,Why Am I the One - Fun..mp3,formal_tag,qq:002I4Sn81ZKRqZ
第三波 · 07-28,Wringer - Mammal Hands.mp3,formal_tag,qq:002VfHxa1tciDS
第三波 · 07-28,You So (Youth Soul) - I Mean US.mp3,formal_tag,qq:002peuFy061AEO
第三波 · 07-28,Your Last Breath - Overhead.mp3,formal_tag,qq:001VVquP2F430i
第四波 · 09-25,彼方 - 中村遥.mp3,formal_tag,qq:002e7ir11f1VHo
第四波 · 09-25,布と皮膚 - カネコアヤノ.mp3,formal_tag,qq:002INiAT2Gpxta
第四波 · 09-25,大事 - 陈文非.mp3,formal_tag,qq:001Lr6Ap3ld5UL
第四波 · 09-25,落雨 - 鲸鱼马戏团.mp3,formal_tag,qq:0003AT4M14g9re
第四波 · 09-25,热气球 - 岛屿心情.mp3,formal_tag,qq:002EtqgT2oEyBZ
第四波 · 09-25,沙发上的白日梦 - SoulFa 灵魂沙发.mp3,formal_tag,qq:001hJlfG2bLQfk
第四波 · 09-25,神游夜话 - 文雀.mp3,formal_tag,qq:0004sVx62fZsQj
第四波 · 09-25,世界の秘密 - Vaundy.mp3,formal_tag,qq:000kO8IT0dzvgA
第四波 · 09-25,送你匕首 - 蛙池.mp3,formal_tag,qq:001OQBm730Pck8
第四波 · 09-25,夕阳消失之前 - Cicada.mp3,formal_tag,qq:002jaefh3NZVjb
第四波 · 09-25,星 - Shii.mp3,formal_tag,qq:001OvxuZ3dttqz
第四波 · 09-25,嘘は罪 - 北村英治.mp3,formal_tag,qq:003u7pXn2K7Ky0
第四波 · 09-25,友人A - Creepy Nuts.mp3,formal_tag,qq:001WqQpv4Y2F4Q
第四波 · 09-25,晕船的太空人 - 昆虫白.mp3,formal_tag,qq:0012t5Ex1rYW72
第四波 · 09-25,在这里请你随意 - 苏运莹.mp3,formal_tag,qq:002aLMGJ4No678
第四波 · 09-25,脏短袖 - THE BOOTLEGS 靴腿乐队.mp3,formal_tag,qq:003hZ0gD1B7hDu
第四波 · 09-25,A Day in Never - Hania Rani.mp3,not_matched_to_songbase,
第四波 · 09-25,a slice of peach - 牛尾憲輔.mp3,formal_tag,qq:003JrvIu3v8psF
第四波 · 09-25,A Thread in the Dark - Mammal Hands.mp3,formal_tag,qq:000g5EqJ0nmN5J
第四波 · 09-25,Acceptance Speech - 8Track - Walker Hayes.mp3,formal_tag,qq:003A0eJs30RZmw
第四波 · 09-25,Adam and Nathan Totally Kick A__ - El Ten Eleven.mp3,formal_tag,qq:001DCMxF0MfHVO
第四波 · 09-25,All - Flica.mp3,formal_tag,qq:001ryrRg3yQxem
第四波 · 09-25,Aqualand - Polo & Pan.mp3,formal_tag,qq:0002FfST4PkrDZ
第四波 · 09-25,Borderlines - Vraell.mp3,formal_tag,qq:001bp0Yk2yH056
第四波 · 09-25,But - Chon.mp3,formal_tag,qq:0034WjC0255vSL
第四波 · 09-25,Cocos en la Playa - Natalia Lafourcade.mp3,formal_tag,qq:003fz3ht2B9d0Z
第四波 · 09-25,Cœur croisé - Polo & Pan.mp3,formal_tag,qq:004StP7u0GX8V2
第四波 · 09-25,Continuum 1 - Nala Sinephro.mp3,formal_tag,qq:002MhnQs41R10a
第四波 · 09-25,Dearest Alfred - Khruangbin.mp3,not_matched_to_songbase,
第四波 · 09-25,Deep Breath - Paniyolo.mp3,formal_tag,qq:002cBVub1Kncz5
第四波 · 09-25,Discovery the New World - fox capture plan.mp3,formal_tag,qq:0040lw8g3YZ893
第四波 · 09-25,Emancipation - Helios.mp3,formal_tag,qq:001F8bj23GYo4t
第四波 · 09-25,Energy - 小林香織.mp3,formal_tag,qq:004cRkHl48nUQu
第四波 · 09-25,First Dream Called Ocean - Helios.mp3,formal_tag,qq:0017zjEc1DvndB
第四波 · 09-25,fragrance like home - 中村遥.mp3,formal_tag,qq:0001jtij4JXGMK
第四波 · 09-25,From The Window Of My Room - Dorena.mp3,formal_tag,qq:002z9rv20tgIR1
第四波 · 09-25,"Gabriel's Oboe from The Mission - Ennio Morricone, 马友友, Roma Sinfonietta.mp3",formal_tag,qq:003ah6O0454i3H
第四波 · 09-25,Gardenia - iwamizu.mp3,formal_tag,qq:000FSX9W12g5gR
第四波 · 09-25,HAPPY COOKING - 北村英治.mp3,formal_tag,qq:003C33fZ3vTKck
第四波 · 09-25,Hello goodbye - toconoma.mp3,formal_tag,qq:001nquQQ0q36G8
第四波 · 09-25,Hicari - 小濑村晶.mp3,formal_tag,qq:002KkZUc09vxV7
第四波 · 09-25,Horizon - Nujabes.mp3,formal_tag,qq:001dEPl41oHWH7
第四波 · 09-25,I Feel for You - Prince.mp3,formal_tag,qq:004HO5WO2cxlhn
第四波 · 09-25,"In The Mood - THEY., JEREMY BIDDLE.mp3",formal_tag,qq:004MduO90on8Y8
第四波 · 09-25,It Runs Through Me (feat. De La Soul) - Tom Misch.mp3,formal_tag,qq:001PiN1y2jyMOQ
第四波 · 09-25,John Harrington - Goldmund.mp3,formal_tag,qq:003C2dYj2Jv7KE
第四波 · 09-25,Juniper - Slowly Rolling Camera.mp3,formal_tag,qq:000g0gAr2MUdAL
第四波 · 09-25,Juno - Choker.mp3,formal_tag,qq:002mhMhW3CI4X4
第四波 · 09-25,Just Alright - 东京酒吐座.mp3,formal_tag,qq:000QG2qS1R1Lke
第四波 · 09-25,Keep On - Alfa Mist.mp3,formal_tag,qq:003MHl2d1rGIKT
第四波 · 09-25,L'exil - Laurie Darmon.mp3,formal_tag,qq:0045Rlyq2LM2yR
第四波 · 09-25,Let Us Live - Dorena.mp3,formal_tag,qq:0032f3f143nQ0F
第四波 · 09-25,lift somebody up - Kiefer feat. Josh Johnson.mp3,formal_tag,qq:001mCEAv3k7vA3
第四波 · 09-25,Lights Please - J. Cole.mp3,not_matched_to_songbase,
第四波 · 09-25,Looped - Kiasmos.mp3,formal_tag,qq:002nfKLv28evOK
第四波 · 09-25,"Luv Sic, Pt. 3 - Funky DL.mp3",formal_tag,qq:001ltwY22ks3RA
第四波 · 09-25,Luv(sic)pt2 - Acoustica - - 中村遥.mp3,formal_tag,qq:003V6m7u4eEihH
第四波 · 09-25,meet me in brooklyn - Yaya Bey.mp3,formal_tag,qq:000tv9T61Ow5g4
第四波 · 09-25,Messy - Lola Young.mp3,formal_tag,qq:002aplaD2uRp5x
第四波 · 09-25,Morning Horizon - Nitsua.mp3,formal_tag,qq:000TQcC94CIZvg
第四波 · 09-25,MotherLake - JABBERLOOP.mp3,formal_tag,qq:001b0tI90SIPKw
第四波 · 09-25,New Noise - I Am Waiting for You Last Summer.mp3,formal_tag,qq:002n53j63QnJv9
第四波 · 09-25,Nucleus - Alfa Mist.mp3,formal_tag,qq:004Rwyen1wQ0vi
第四波 · 09-25,One's 4 Da Money - Shyheim.mp3,not_matched_to_songbase,
第四波 · 09-25,Ouendake - Goldmund.mp3,formal_tag,qq:004Ary8j1DXl68
第四波 · 09-25,"PHONICS (feat. WESTSIDE BOOGIE) - Asha Imuno, Tempest, WESTSIDE BOOGIE.mp3",formal_tag,qq:002yjlyG1pbADK
第四波 · 09-25,PRDR - fox capture plan.mp3,formal_tag,qq:003yjKyC05pg1E
第四波 · 09-25,Pulse - RePlus.mp3,formal_tag,qq:002AKMaL3RJz3j
第四波 · 09-25,Rain In The Ashtray - Mooncake.mp3,formal_tag,qq:002lcuyX4NpbDv
第四波 · 09-25,Rewind - Cleo Sol.mp3,formal_tag,qq:0044cRki0b5Q0t
第四波 · 09-25,Rewrite - milet.mp3,formal_tag,qq:002NT6Y52IjvTe
第四波 · 09-25,Rose Bay - Ludovico Einaudi.mp3,formal_tag,qq:0010YYK03xexiC
第四波 · 09-25,she doesnt know me - halberd.mp3,formal_tag,qq:002IHLW93LUfdA
第四波 · 09-25,sign - 中村遥.mp3,formal_tag,qq:00308O0k0f6qNj
第四波 · 09-25,SLEEP - Hiroshi Yoshimura.mp3,formal_tag,qq:004OAlMp0D65NA
第四波 · 09-25,Spartacus Love Theme - SOIL&_P__P_SESSIONS.mp3,formal_tag,qq:004Qvc0R3esF61
第四波 · 09-25,Spun - Kiasmos.mp3,formal_tag,qq:0030Zl744Bwckx
第四波 · 09-25,Starcourt - Kyle Dixon & Michael Stein.mp3,formal_tag,qq:003ko13i4STM3G
第四波 · 09-25,Step Up - Pete Rock.mp3,formal_tag,qq:000JrdU14Y1Lbb
第四波 · 09-25,Summer Night - RIOPY.mp3,formal_tag,qq:000bdu314WVu3m
第四波 · 09-25,Summer Nights - Lil' Rob.mp3,formal_tag,qq:002RBbP70CnemQ
第四波 · 09-25,Sweet Child O' Mine - 孙燕姿.mp3,formal_tag,qq:004RjKlW1MYcwk
第四波 · 09-25,Take 1 - Guantanamo Bay Surf Club.mp3,formal_tag,qq:002tlfu13V33Ca
第四波 · 09-25,Teki - Alfa Mist.mp3,formal_tag,qq:001LTc2W46nOpa
第四波 · 09-25,The 400 Blues 唐詩四百首 - Pu Poo Platter.mp3,formal_tag,qq:001qbVUi0c3ofI
第四波 · 09-25,the begining of the myth ep.II - fox capture plan.mp3,formal_tag,qq:003KtyjJ30QOn9
第四波 · 09-25,The Road - As The Stars Fall.mp3,formal_tag,qq:003cjHhP4f5UoH
第四波 · 09-25,The Toy Garden - Helios.mp3,formal_tag,qq:0015742S01JKRy
第四波 · 09-25,Under A Lone Ash - Bibio.mp3,formal_tag,qq:0019JgoE1ogyxP
第四波 · 09-25,Utopia (feat. Marti Fischer) - Cory Wong.mp3,formal_tag,qq:004Uf3pG1Wulnm
第四波 · 09-25,Venice - 小濑村晶.mp3,formal_tag,qq:004P7xQc4edF1F
第四波 · 09-25,Voyage - Ryo Fukui.mp3,formal_tag,qq:000r15hy0gBiOU
第四波 · 09-25,Water Copy - Hiroshi Yoshimura.mp3,formal_tag,qq:001Itbg62svmkp
第四波 · 09-25,What's New - Ax and the Hatchetmen.mp3,formal_tag,qq:002Se7OC34yFhZ
第四波 · 09-25,Where Do We Go! - Ayumu Imazu.mp3,formal_tag,qq:003U1FIZ3EA8LV
第四波 · 09-25,Wish You Were Dead - Lola Young.mp3,formal_tag,qq:003JlIAG2xddPq
第四波 · 09-25,Xtralovable - Prince.mp3,formal_tag,qq:001Wt9JN03rczP
第四波 · 09-25,バンブーチェアー - GONTITI.mp3,formal_tag,qq:004I39hz30qXKl
第四波 · 09-25,ゆめしぐれ - 青葉市子.mp3,formal_tag,qq:000Zejvx4D6slx
第四波 · 09-25,レイテストナンバー - Toe.mp3,formal_tag,qq:000eNgNg1QWVlJ
第五波 · 09-26,5Am Waltz - Men I Trust.mp3,formal_tag,qq:003Ivfhy114Vlr
第五波 · 09-26,85mm - Ludovico Einaudi.mp3,formal_tag,qq:003RxRsH4Zmgfz
第五波 · 09-26,蝉 - iimmune.mp3,formal_tag,qq:001smf6l4Jw7Fx
第五波 · 09-26,数字天体 - iimmune.mp3,formal_tag,qq:002G2Chc1MB9Gm
第五波 · 09-26,Bee - RIOPY.mp3,formal_tag,qq:0023U8im0EI3sM
第五波 · 09-26,Caja de la Sala - Khruangbin.mp3,formal_tag,qq:002eHWc10R58Uk
第五波 · 09-26,distance from palette and orange lines - yutaka hirasaka.mp3,formal_tag,qq:001uMt9V15NBBa
第五波 · 09-26,"Empty Places, Smiling Faces - I Spell it Nature.mp3",formal_tag,qq:002OP9r71u0qbq
第五波 · 09-26,Hopopono - GoGo Penguin.mp3,formal_tag,qq:004CQckK0FNJ8M
第五波 · 09-26,Hungry Face - Mogwai.mp3,formal_tag,qq:0007CBem4C5bBU
第五波 · 09-26,Last Hour - FKJ.mp3,formal_tag,qq:004eH7Lq4QsEN4
第五波 · 09-26,Mohabbat - AROOJ AFTAB.mp3,formal_tag,qq:002S70Vi2giIup
第五波 · 09-26,Night Squall - Balmorhea.mp3,formal_tag,qq:002sAguz27ILLc
第五波 · 09-26,Pearl Lakes - U137.mp3,formal_tag,qq:000ZNXtw2erSq2
第五波 · 09-26,reflection eternal - Nujabes.mp3,formal_tag,qq:000dpx1K39ZkOj
第五波 · 09-26,relive - toconoma.mp3,formal_tag,qq:004XqfYg1mNSla
第五波 · 09-26,Saans Lo - AROOJ AFTAB.mp3,formal_tag,qq:0031jUG02CmUjU
第五波 · 09-26,Signal In The Noise - GoGo Penguin.mp3,formal_tag,qq:003n2OkW0FRgrp
第五波 · 09-26,So We Won't Forget - Khruangbin.mp3,formal_tag,qq:002qRalE18HT75
第五波 · 09-26,SUNSET - LITE.mp3,formal_tag,qq:000gnR5f0L9CqV
第五波 · 09-26,The Beyond - LITE.mp3,formal_tag,qq:001PQRBd0hMLtT
第五波 · 09-26,To Drown in You - GoGo Penguin.mp3,formal_tag,qq:000WLCgm0Wniyb
第五波 · 09-26,Utopia - Din of Celestial Birds.mp3,formal_tag,qq:0037LBhA4SfrM6
第五波 · 09-26,"With, Beside, Against - Portico Quartet.mp3",formal_tag,qq:003APVvC4gCEzQ
第六波 · 10-03,1 to 10 - Midnight Jogging Club.mp3,formal_tag,qq:0029XvhG143tPB
第六波 · 10-03,2AM in New York - iwamizu.mp3,formal_tag,qq:0043Jesn1uayV6
第六波 · 10-03,波よせて - clammbon.mp3,formal_tag,qq:003Uz0BI0jM7I7
第六波 · 10-03,穿过火焰 - 花伦.mp3,formal_tag,qq:0048E3sy3D8Svy
第六波 · 10-03,滴いっぱいの記憶 - 平沢進.mp3,formal_tag,qq:003sNL1q2TytB7
第六波 · 10-03,河 - Before the Sunrise.mp3,formal_tag,qq:0045qBlS24pkhK
第六波 · 10-03,回転・天使 - betcover!!.mp3,formal_tag,qq:000H6MPp1yL4tP
第六波 · 10-03,懒得去管 - 孙燕姿.mp3,formal_tag,qq:003tUeWx0Eh9LX
第六波 · 10-03,日の出 - kanekoayano.mp3,formal_tag,qq:001ly1ww3DYheR
第六波 · 10-03,腕の中でしか眠れない猫のように - カネコアヤノ.mp3,formal_tag,qq:0011rQvB2ui3qk
第六波 · 10-03,我 - 超级市场.mp3,formal_tag,qq:0039Wfzs02rtu6
第六波 · 10-03,夕凪 - 羊文学.mp3,formal_tag,qq:001PSEvr3fGPwu
第六波 · 10-03,夜班车 - Allenvave.mp3,formal_tag,qq:003agrX73jEW1g
第六波 · 10-03,召唤 - 朴树.mp3,formal_tag,qq:000RMp580QOCBV
第六波 · 10-03,祝你开心 - 孙燕姿.mp3,formal_tag,qq:001ApxMS0O2X0f
第六波 · 10-03,"A Real Hero - College, Electric Youth.mp3",formal_tag,qq:000tDeX64NQu44
第六波 · 10-03,airport - 柏大輔.mp3,formal_tag,qq:000N6Kpg3JHeei
第六波 · 10-03,Ante Meridiem - Men I Trust.mp3,formal_tag,qq:000nNWD4350LJQ
第六波 · 10-03,Anything Can Be - Pray For Sound.mp3,formal_tag,qq:0010n11X1LhT3c
第六波 · 10-03,Anything Can Happen - Violet Palms.mp3,formal_tag,qq:002JLy6B3bZx4J
第六波 · 10-03,Argentina - iimmune.mp3,formal_tag,qq:003jIgSk0m39aP
第六波 · 10-03,AURORA - haruka nakamura.mp3,not_matched_to_songbase,
第六波 · 10-03,Awake - TWO LANES.mp3,formal_tag,qq:002jNi0404aqYg
第六波 · 10-03,Beer - Yosi Horikawa.mp3,formal_tag,qq:002X6BID3oubKE
第六波 · 10-03,Bellows - Loscil.mp3,formal_tag,qq:000pTXyb4Z0RrG
第六波 · 10-03,Beluga - Men I Trust.mp3,formal_tag,qq:001eoI9Q1mm0Jv
第六波 · 10-03,Better Not - Louis the child.mp3,formal_tag,qq:000SVpD03mWgWV
第六波 · 10-03,Breakfast in Bed - Stephanie Poetri.mp3,formal_tag,qq:002qIVN52Tm5YO
第六波 · 10-03,Bubble - Shii.mp3,formal_tag,qq:002sKDBw3DA6qS
第六波 · 10-03,calm - Jizue.mp3,formal_tag,qq:001vTstF0ysG5Y
第六波 · 10-03,Casey Jones (with Dan Kelly of Fortunate Youth) - Roots of Creation.mp3,formal_tag,qq:0021aHvS043tc3
第六波 · 10-03,Charlie - Loscil.mp3,formal_tag,qq:003A8alL2s4fYr
第六波 · 10-03,Chinook - Loscil.mp3,formal_tag,qq:001qJQUW4T2OxJ
第六波 · 10-03,cider cider - ミツメ.mp3,formal_tag,qq:002RCx9q4Yctzc
第六波 · 10-03,Cold Cold Cold - Cage The Elephant.mp3,formal_tag,qq:000afH2Z0gIzbI
第六波 · 10-03,Cool with You - Her's.mp3,formal_tag,qq:002noXCB1eAXKw
第六波 · 10-03,Currently - Keaton Simons.mp3,formal_tag,qq:003yoh8G2Tr08k
第六波 · 10-03,Dance PM - Hiroshi Yoshimura.mp3,formal_tag,qq:001F06id4BjbVK
第六波 · 10-03,Dazed - Kiasmos.mp3,formal_tag,qq:001hV6EB2N40sV
第六波 · 10-03,"Dial Drunk - Noah Kahan, Post Malone.mp3",formal_tag,qq:001Iwy7u4DfDMO
第六波 · 10-03,Don't Throw Out My Legos - AJR.mp3,formal_tag,qq:003AYAxq3Yx3Sk
第六波 · 10-03,Driftless - Vansire.mp3,formal_tag,qq:001ampuH1DuCNn
第六波 · 10-03,earthly things - Kiefer.mp3,formal_tag,qq:001lhAQI4f6cNP
第六波 · 10-03,epitaph - Hippo Campus.mp3,formal_tag,qq:002N8yWT2bsLEo
第六波 · 10-03,Eternity Is the Wait Between Breaths - Múm.mp3,formal_tag,qq:000bsRbI1klVq2
第六波 · 10-03,For Years And Years - Helios.mp3,formal_tag,qq:000RWoin1VaFrM
第六波 · 10-03,Go! - Public Service Broadcasting.mp3,formal_tag,qq:001rUTb41aYbkb
第六波 · 10-03,Golden Hour - Matthew Pinder.mp3,formal_tag,qq:002hAWBS4dusFj
第六波 · 10-03,"Gone - Ye (侃爷), Consequence, Cam'Ron.mp3",formal_tag,qq:003jU74h1iNPXR
第六波 · 10-03,Grown - Kiasmos.mp3,formal_tag,qq:000y5eux2Eh95k
第六波 · 10-03,Halves and Quarters - Guantanamo Bay Surf Club.mp3,formal_tag,qq:003fysuC4UQG1t
第六波 · 10-03,Hard Drive - Cassandra Jenkins.mp3,formal_tag,qq:001ZSv5K4dsL2D
第六波 · 10-03,"Held - Kiasmos, Dauwd.mp3",formal_tag,qq:000fIw570xGAcx
第六波 · 10-03,Hello - Hania Rani.mp3,formal_tag,qq:000vZ5D71hNm8f
第六波 · 10-03,Hold Me Up (Thank You) - Khruangbin.mp3,formal_tag,qq:004OgceD3KMocG
第六波 · 10-03,Hourglass - Gowe.mp3,formal_tag,qq:001cwnOY12PLO3
第六波 · 10-03,i love my friends - Kiefer.mp3,formal_tag,qq:002VuT6s3MSogf
第六波 · 10-03,I'll Never Find Your Soul - Hania Rani.mp3,formal_tag,qq:000Baz273t5aAE
第六波 · 10-03,iam POD (0%) - 青葉市子.mp3,formal_tag,qq:0049u22W3RH5uq
第六波 · 10-03,In the Aeroplane over the Sea - Neutral Milk Hotel.mp3,formal_tag,qq:002X0G2u48tm96
第六波 · 10-03,In Your Room - Airiel.mp3,formal_tag,qq:000zFOEV3jMZht
第六波 · 10-03,Juegos y Nubes - Khruangbin.mp3,formal_tag,qq:001DB1dG0NfAJt
第六波 · 10-03,Kamaloka - GoGo Penguin.mp3,formal_tag,qq:001BkTD63Ydwc9
第六波 · 10-03,Lights - Josh Ritter.mp3,formal_tag,qq:000787A00NmJf7
第六波 · 10-03,Little Nerves - Binkbeats.mp3,formal_tag,qq:000ptk9A4CbbQN
第六波 · 10-03,Local Paradise - Parker.mp3,formal_tag,qq:000CkyJi0yJSXv
第六波 · 10-03,Lorge - El Ten Eleven.mp3,formal_tag,qq:002qPi590D694I
第六波 · 10-03,Lost In The Light - Bahamas.mp3,formal_tag,qq:001ND8AM3qk04M
第六波 · 10-03,Memoria - 中村遥.mp3,formal_tag,qq:001eH1XX47e8LW
第六波 · 10-03,MOON NIGHT - I Don't Like Mondays..mp3,formal_tag,qq:004ffZnA2EOnUC
第六波 · 10-03,My Lover Lies Under - Cherry Ghost.mp3,formal_tag,qq:001C5UC21oYgri
第六波 · 10-03,"Never Been Better - Ben Abraham, corook.mp3",formal_tag,qq:001Iu7gC0qaWQ5
第六波 · 10-03,Nighttime - RePlus.mp3,formal_tag,qq:000HaICk25YWHO
第六波 · 10-03,One - Sleeping At Last.mp3,formal_tag,qq:000ZjXv33PGxp3
第六波 · 10-03,One Dream feat. Sam Ock - RePlus.mp3,formal_tag,qq:0003bhiI36bD4h
第六波 · 10-03,Ophelia - The Lumineers.mp3,formal_tag,qq:004KWxyl19oG2x
第六波 · 10-03,Paranoid Android - El Ten Eleven.mp3,formal_tag,qq:004STzKW3c183N
第六波 · 10-03,Peace - Chon.mp3,formal_tag,qq:003gCbmt4TcRrj
第六波 · 10-03,Plantago Fengdouensis - Shii.mp3,formal_tag,qq:002GQ1850FM6L9
第六波 · 10-03,roses & sunflowers - Timmy Albert.mp3,formal_tag,qq:001Kkllt3ZWunf
第六波 · 10-03,Rust inside - 惘闻.mp3,formal_tag,qq:001edrrD1WZDDl
第六波 · 10-03,Saturnine - GoGo Penguin.mp3,formal_tag,qq:000fT9N931nfbb
第六波 · 10-03,SHEEP - Hiroshi Yoshimura.mp3,formal_tag,qq:003Uil5o4QR5Bg
第六波 · 10-03,Siesta Freestyle - Lewis OfMan.mp3,formal_tag,qq:004MW3K31ntIbj
第六波 · 10-03,Silhouette - Ax and the Hatchetmen.mp3,formal_tag,qq:0015AcHz3i1JOR
第六波 · 10-03,Soulmate - April Rain.mp3,not_matched_to_songbase,
第六波 · 10-03,Step - 羊文学.mp3,formal_tag,qq:003ksCiR3KCvgT
第六波 · 10-03,Summer Lovin' - The Tuesday Crew.mp3,formal_tag,qq:002LPSzH3j4F4P
第六波 · 10-03,Swashers - Yosi Horikawa.mp3,formal_tag,qq:000BKhUC3KCJeq
第六波 · 10-03,Swelling Time - The Shanghai Restoration Project.mp3,formal_tag,qq:004ar1DP0Wxs4k
第六波 · 10-03,Swimming in Purple Clouds - The Shanghai Restoration Project.mp3,formal_tag,qq:004PjgwB2XKeUD
第六波 · 10-03,Telescope - Cage The Elephant.mp3,formal_tag,qq:001wyhYY1tHbNB
第六波 · 10-03,The Adults Are Talking - The Strokes.mp3,formal_tag,qq:002BeZOd316Pe0
第六波 · 10-03,To the East Coast - Kaishandao.mp3,formal_tag,qq:000AwgE24Vgorp
第六波 · 10-03,Told - Kiasmos.mp3,formal_tag,qq:0027zyxJ0ePes3
第六波 · 10-03,Umbrella - I Don't Like Mondays..mp3,formal_tag,qq:001BOd8C1F9Et5
第六波 · 10-03,What Once Was - Her's.mp3,formal_tag,qq:002AiKtr014bQV
第六波 · 10-03,Zero - Imagine Dragons.mp3,formal_tag,qq:003loUg33SsE5P
第六波 · 10-03,いきのこり●ぼくら - 青葉市子.mp3,formal_tag,qq:000jpsVp0nqcSw
第六波 · 10-03,わたしのうた - ラブリーサマーちゃん.mp3,formal_tag,qq:00121f760v5gN3
第七波 · 10-05,4 Her - iwamizu.mp3,formal_tag,qq:004QUJic2NsHKk
第七波 · 10-05,半空日落色 - Uhsgnǒd.mp3,formal_tag,qq:002Dtbtf3ZIb3Y
第七波 · 10-05,电动少女 - Chinese Football.mp3,formal_tag,qq:003LDRsX47cggs
第七波 · 10-05,季风 (Monsoon) - Fayzz.mp3,formal_tag,qq:004gdY3S3vzhdj
第七波 · 10-05,金色 - 羊文学.mp3,formal_tag,qq:003q0Ol72JP40X
第七波 · 10-05,惊蛰 - 天声乐队.mp3,formal_tag,qq:001ibzed4YD80W
第七波 · 10-05,明天你依旧在我身旁 - 声音玩具.mp3,formal_tag,qq:003u54g41pPMoD
第七波 · 10-05,人间风景 - Fayzz.mp3,formal_tag,qq:00400umx31UH5p
第七波 · 10-05,仁恕 - iwamizu.mp3,formal_tag,qq:002ZRUn93X6hde
第七波 · 10-05,神様のたくらみ - 青葉市子.mp3,formal_tag,qq:003UXQSv0OiIBc
第七波 · 10-05,双位循环 - She Never Sings Our Songs.mp3,formal_tag,qq:003Iat1t4aoTdW
第七波 · 10-05,住在十六层的少年 - 16层乐队.mp3,formal_tag,qq:003jSlE31PQbqZ
第七波 · 10-05,A Calf Born In Winter - Khruangbin.mp3,formal_tag,qq:000vGyDL2h5IVl
第七波 · 10-05,"a,s,a - fox capture plan.mp3",formal_tag,qq:001Yccb32sPw6J
第七波 · 10-05,Always - Daniel Caesar.mp3,formal_tag,qq:002zuwNj3JoRQk
第七波 · 10-05,anemo - euphoria.mp3,formal_tag,qq:002jBS8E2qmhSe
第七波 · 10-05,Apalachee - Goldmund.mp3,formal_tag,qq:003WZxOr0nISl8
第七波 · 10-05,April - 小濑村晶.mp3,formal_tag,qq:000k0wjJ18IyA5
第七波 · 10-05,Attune - Alfa Mist.mp3,formal_tag,qq:004Wvz723OsKcX
第七波 · 10-05,BABY BLUE - Fishmans.mp3,formal_tag,qq:002QRYfa0g0ycu
第七波 · 10-05,Baby Boy - Choker.mp3,formal_tag,qq:0000AfxH4IPzsZ
第七波 · 10-05,Baghon Main - AROOJ AFTAB.mp3,formal_tag,qq:000eyJQw2EJvvT
第七波 · 10-05,Beauté - Jordan Critz.mp3,formal_tag,qq:003QeGk22mGMRh
第七波 · 10-05,Before Dawn - Men I Trust.mp3,formal_tag,qq:004bgcGz2XKuuq
第七波 · 10-05,Between The Trees - 小濑村晶.mp3,formal_tag,qq:003IiDsd32QrAY
第七波 · 10-05,Black Hole Era - Men I Trust.mp3,formal_tag,qq:002rKFyw2sDUvo
第七波 · 10-05,Book - Chon.mp3,formal_tag,qq:000HV69V2OKcLG
第七波 · 10-05,Borderlines - Vraell.mp3,formal_tag,qq:001bp0Yk2yH056
第七波 · 10-05,Brian - Alfa Mist.mp3,formal_tag,qq:000YmZ4X3cIaIQ
第七波 · 10-05,Burst - Kiasmos.mp3,formal_tag,qq:003A7wgv3CShSY
第七波 · 10-05,Butterfly - Cleo Sol.mp3,formal_tag,qq:002nspul0afXe2
第七波 · 10-05,Clementine - Sarah Jaffe.mp3,formal_tag,qq:000Fw7cX09LLr6
第七波 · 10-05,Costa da Caparica - RIOPY.mp3,formal_tag,qq:003m8N1q42ILKQ
第七波 · 10-05,CREEK - Hiroshi Yoshimura.mp3,formal_tag,qq:003t03791sFq4k
第七波 · 10-05,crybaby - Kiefer.mp3,formal_tag,qq:003rqPD04BV0pS
第七波 · 10-05,Days of Daze - tfvsjs.mp3,formal_tag,qq:0020lBfx0ge2sV
第七波 · 10-05,"Detective Lungmen - 塞壬唱片-MSR, 顾忠山, Damien Banzigou.mp3",formal_tag,qq:000IEMhw2BYOh7
第七波 · 10-05,Diamond Cut - 文雀.mp3,formal_tag,qq:002dKeV033UOvU
第七波 · 10-05,Ditto - DooPiano.mp3,formal_tag,qq:0015jyw41OJ2BE
第七波 · 10-05,El Transcurrir De Las Horas - Bosques De Mi Mente.mp3,formal_tag,qq:000fr5BQ0jAxGk
第七波 · 10-05,Explore the World - I Spell it Nature.mp3,formal_tag,qq:004dSD1a3aiGA7
第七波 · 10-05,FEEL - Hiroshi Yoshimura.mp3,formal_tag,qq:000Din7j32GT2W
第七波 · 10-05,Free Shoes - Busty and the Bass.mp3,formal_tag,qq:004emx212UOp6C
第七波 · 10-05,Girls from Nyc - Harrison Hudson.mp3,formal_tag,qq:002kLt2c0pfNqf
第七波 · 10-05,Hawaii Oslo - Hania Rani.mp3,formal_tag,qq:002CCxh22un7aE
第七波 · 10-05,Hell N Back - Bakar.mp3,formal_tag,qq:0020exsa1lzTSy
第七波 · 10-05,Her Light - Cleo Sol.mp3,formal_tag,qq:003xz29R1B1rjl
第七波 · 10-05,I Giorni - Ludovico Einaudi.mp3,formal_tag,qq:000BTyTj02a0Ge
第七波 · 10-05,In My Feelings - Brasstracks.mp3,formal_tag,qq:000ZzVmT0pztQn
第七波 · 10-05,Inayaat - AROOJ AFTAB.mp3,formal_tag,qq:00412O2t3vvSaf
第七波 · 10-05,Kaleidoscope - fox capture plan.mp3,formal_tag,qq:000SVSO43iO5Sf
第七波 · 10-05,Leave My Home - FKJ.mp3,formal_tag,qq:002RmLCj3YocBw
第七波 · 10-05,Love Of The Loveless - Eels.mp3,formal_tag,qq:001Yp2jV0q9f5B
第七波 · 10-05,Mars 2027 - 青葉市子.mp3,formal_tag,qq:001Ev8hg2TD4EF
第七波 · 10-05,Masollan - Balmorhea.mp3,formal_tag,qq:002rH1mb3CdKee
第七波 · 10-05,Meet Me Halfway - Black Eyed Peas.mp3,formal_tag,qq:0048buGv2Ed4db
第七波 · 10-05,Moksha - Choker.mp3,formal_tag,qq:000AexBa3aUqOw
第七波 · 10-05,Murmuration - GoGo Penguin.mp3,formal_tag,qq:004col4V0Addn1
第七波 · 10-05,New Day - Devon Rea.mp3,formal_tag,qq:002vRxmB2XHA8X
第七波 · 10-05,on the pisces moon - Yaya Bey.mp3,formal_tag,qq:002d45We3GEd3t
第七波 · 10-05,Passacaglia (fugler med ord i nebbet) - Spurv.mp3,formal_tag,qq:000VscI62pVJIh
第七波 · 10-05,Plug In Baby - fox capture plan.mp3,formal_tag,qq:001y4w0t38xHV3
第七波 · 10-05,Quarters - Bibio.mp3,formal_tag,qq:001r0we12IjRXg
第七波 · 10-05,Reflektor - Arcade Fire.mp3,formal_tag,qq:003j6EiF1Qnh13
第七波 · 10-05,Remarkable Diving Feat - Sea Power.mp3,formal_tag,qq:002seChr18gdsK
第七波 · 10-05,Rollerball - Mogwai.mp3,formal_tag,qq:004RlFCf21hXWK
第七波 · 10-05,Sagu Palm's Song - 青葉市子.mp3,formal_tag,qq:004F9h4J1NjHD9
第七波 · 10-05,Sailed - Kiasmos.mp3,formal_tag,qq:003XfAN33n2GQj
第七波 · 10-05,Sakura - RIOPY.mp3,formal_tag,qq:001kqduD3jf6C0
第七波 · 10-05,Say U Won't - Brasstracks.mp3,formal_tag,qq:002CcEQY1xqVyA
第七波 · 10-05,Secret Pint - Mogwai.mp3,formal_tag,qq:0006aQVw4RReA0
第七波 · 10-05,showers with sunny intervals - how to count one to ten.mp3,formal_tag,qq:002rCRhp1lzt8z
第七波 · 10-05,Spartacus Love Theme - RePlus.mp3,formal_tag,qq:000K72Bh3DYh4W
第七波 · 10-05,Summer Suite - Jordan Critz.mp3,formal_tag,qq:001W3aRD0pTanm
第七波 · 10-05,Sworn - Kiasmos.mp3,formal_tag,qq:002fxf3t2ALtcN
第七波 · 10-05,The edge of everything - Sleepmakeswaves.mp3,formal_tag,qq:004fGoVl3u0eL0
第七波 · 10-05,The Idiot - Seth Staton Watkins.mp3,formal_tag,qq:003zVwHk2xsG8w
第七波 · 10-05,Things Change - Busty and the Bass.mp3,formal_tag,qq:00298Rmi4YuPm3
第七波 · 10-05,Track in Time - Dennis Kuo.mp3,formal_tag,qq:003kokjK2mtbbP
第七波 · 10-05,Up Top - Busty and the Bass.mp3,formal_tag,qq:001oflCY04HG3p
第七波 · 10-05,Us - A COLORS SHOW - FKJ.mp3,formal_tag,qq:002xV9Fi2BDhIi
第七波 · 10-05,Valley Wulf - Bibio.mp3,formal_tag,qq:002ukzuo0u5PpB
第七波 · 10-05,We Had to End It - Cuco.mp3,formal_tag,qq:003mIUru2PtkWB
第七波 · 10-05,When You Were Mine - Prince.mp3,formal_tag,qq:001B8RWL2XpoZd
第七波 · 10-05,Yellow Surf - toconoma.mp3,formal_tag,qq:001Yr0lf42iGF6
第七波 · 10-05,Yes! I Am a Long Way from Home - Mogwai.mp3,formal_tag,qq:002Vup6o0UxIf1
第七波 · 10-05,あの街に風吹けば - 羊文学.mp3,formal_tag,qq:001M1pBx4a1a3B
第七波 · 10-05,"あの日のままのぼくら - 雨宮天, 高橋李依, 茅野愛衣.mp3",formal_tag,qq:002cO90C3RuTSi
第七波 · 10-05,アンディーヴと眠って - 青葉市子.mp3,formal_tag,qq:0015SwUd2uOwmJ
第七波 · 10-05,いりぐちでぐち - 青葉市子.mp3,formal_tag,qq:003oIEvw3dcIKc
第七波 · 10-05,うたのけはい - 青葉市子.mp3,formal_tag,qq:003wyPWg2vNdDH
第七波 · 10-05,オトノケ - Otonoke - Creepy Nuts.mp3,formal_tag,qq:004KMRH61Ljgwt
第七波 · 10-05,おめでとうの唄 - 青葉市子.mp3,formal_tag,qq:001tZ9sr11IkDI
第七波 · 10-05,さよならペンギン - 青葉市子.mp3,formal_tag,qq:001sEBpU4eSUwP
第七波 · 10-05,フェンスのある家 - OGRE YOU A**HOLE.mp3,formal_tag,qq:002CRWbF4L1ef4
第七波 · 10-05,マホロボシヤ - 青葉市子.mp3,formal_tag,qq:002ySl5c0f7jQb
第七波 · 10-05,ライフワーク - OGRE YOU A**HOLE.mp3,formal_tag,qq:000LbxEY3wyFZ8
第七波 · 10-05,ロープ - OGRE YOU A**HOLE.mp3,formal_tag,qq:004WbB4i3RClST
