track_id,title,artist,filename,wave_label,date,genre,secondary_genres,instrumental,language,tag_source,energy,noise,swing,burden,timeslots,confidence,note
qq:0030sSjW17cSWD,门,Funkymo,门 - FunkyMo.mp3,第一波 · 07-16,2026-07-16,Hip-Hop / R&B,Folk / Singer-Songwriter,False,Minnan,human_manual_no_candidate_review,平静,3,3,1,11-14 | 14-17,5,
qq:000F8aV32nHJxf,最初的爱情 (The Love Story),鲸鱼马戏团,最初的爱情 (The Love Story) - 鲸鱼马戏团.mp3,第一波 · 07-16,2026-07-16,Ambient / Neo-Classical,,True,,human_manual_no_candidate_review,平静,2,2,1,11-14 | 14-17,5,
qq:000up5Sy41DSCS,Can You Focus,Jiyoung Chung,Can You Focus - Jiyoung Chung.mp3,第一波 · 07-16,2026-07-16,Hip-Hop / R&B,Ambient / Neo-Classical | Jazz / Soul,True,,human_manual_no_candidate_review,平静,3,6,1,8-11,5,
qq:003iodBT3kKdAC,Chateau,"Cory Wong, Metropole Orkest, Jules Buckley",Chateau - Cory Wong.mp3,第一波 · 07-16,2026-07-16,Jazz / Soul,,,,human_artist_batch_review,渐进,7,6,3,8-11,3,
qq:003QKuSZ04ELv8,Days,Balmorhea,Days - Balmorhea.mp3,第一波 · 07-16,2026-07-16,Ambient / Neo-Classical,Post-Rock / Cinematic,True,,human_artist_batch_review,平静,3,4,2,8-11 | 11-14,4,
qq:001neLbY2J9GCJ,Distance,Fayzz,Distance - Fayzz.mp3,第一波 · 07-16,2026-07-16,Post-Rock / Cinematic,,True,,human_artist_batch_review,有冲劲,4,6,4,14-17 | 17-20,4,
qq:0045eDgY0ZvWpa,Every Direction Is North,El Ten Eleven,Every Direction Is North - El Ten Eleven.mp3,第一波 · 07-16,2026-07-16,Post-Rock / Cinematic,,True,,human_artist_batch_review,有冲劲,7,7,3,8-11 | 11-14,3,适合的时段我觉得是8-11，11-14，但我不好说
qq:004F9h4J1NjHD9,Sagu Palm's Song,青葉市子,Sagu Palm's Song - 青葉市子.mp3,第一波 · 07-16,2026-07-16,Folk / Singer-Songwriter,Ambient / Neo-Classical,,,human_artist_batch_review,平静,1,2,1,8-11 | 11-14 | 14-17,5,
qq:003zUuoF0NDRsm,Thanks Bill,El Ten Eleven,Thanks Bill - El Ten Eleven.mp3,第一波 · 07-16,2026-07-16,Post-Rock / Cinematic,,True,,human_artist_batch_review,渐进,7,5,3,11-14,3,
qq:001IfO1Y2pBPvg,10th sentimen,sow,10th sentimen - sow.mp3,第二波 · 07-22,2026-07-22,Post-Rock / Cinematic,Electronic,True,,human_artist_batch_review,渐进,4,6,2,8-11,4,
qq:001fTrGD0zDCAd,無い!!,ゆらゆら帝国,無い!! - ゆらゆら帝国.mp3,第二波 · 07-22,2026-07-22,Rock / Alternative,Electronic | Folk / Singer-Songwriter,False,Japanese,human_candidate_confirmed,平静,3,4,1,8-11,4,
qq:0005TLIJ2KzqZ9,置き手紙,Vaundy,置き手紙 - Vaundy.mp3,第二波 · 07-22,2026-07-22,Hip-Hop / R&B,Rock / Alternative,False,,human_manual_no_candidate_review,有冲劲,6,5,2,14-17 | 11-14,3,最后二十秒有一个空白，可能是资源有点问题
qq:000ZIAfo2RSwxU,Aesthetic,"Tollan Kim, Kudasaibeats","Aesthetic - Tollan Kim, Kudasaibeats.mp3",第二波 · 07-22,2026-07-22,Ambient / Neo-Classical,Hip-Hop / R&B,True,,human_manual_no_candidate_review,平静,2,3,1,8-11,4,
qq:000HDXAt3GgW4h,Ask for Love,Joey Pecoraro,Ask for Love - Joey Pecoraro.mp3,第二波 · 07-22,2026-07-22,Hip-Hop / R&B,Ambient / Neo-Classical | Electronic,True,,human_candidate_confirmed,平静,2,3,1,8-11 | 11-14,4,
qq:000EgY123dwnX9,Belle Âme,Jordan Critz,Belle Âme - Jordan Critz.mp3,第二波 · 07-22,2026-07-22,Ambient / Neo-Classical,,,,human_artist_batch_review,平静,3,2,1,8-11 | 11-14,4,
qq:001WvV0B2EkgXw,DAY DREAMING,やけのはら,DAY DREAMING - やけのはら.mp3,第二波 · 07-22,2026-07-22,Hip-Hop / R&B,,False,Japanese,human_candidate_confirmed,平静,3,4,3,14-17 | 17-20,3,
qq:000IEMhw2BYOh7,Detective Lungmen,"塞壬唱片-MSR, 顾忠山, Damien Banzigou","Detective Lungmen - 塞壬唱片-MSR, 顾忠山, Damien Banzigou.mp3",第二波 · 07-22,2026-07-22,Post-Rock / Cinematic,Jazz / Soul | Electronic,True,,human_candidate_confirmed,有冲劲,5,5,4,14-17,3,
qq:003cxef417It4Q,Don't Come Home Today,Good Morning,Don't Come Home Today - Good Morning.mp3,第二波 · 07-22,2026-07-22,Rock / Alternative,Folk / Singer-Songwriter,False,,human_candidate_confirmed,平静,3,3,2,11-14 | 8-11,3,
qq:001By7Vt3CGYpK,Don't Look Back In Anger,羊毛とおはな,Don't Look Back In Anger - 羊毛とおはな.mp3,第二波 · 07-22,2026-07-22,Folk / Singer-Songwriter,Rock / Alternative,False,,human_candidate_confirmed,平静,2,1,1,11-14 | 14-17,4,
qq:002kir4k1YoDFP,Dreams Today,Efterklang,Dreams Today - Efterklang.mp3,第二波 · 07-22,2026-07-22,Ambient / Neo-Classical,Folk / Singer-Songwriter,,,human_artist_batch_review,渐进,2,2,1,8-11 | 11-14,4,
qq:000eNIUG49IH5U,Dry Fantasy,Mogwai,Dry Fantasy - Mogwai.mp3,第二波 · 07-22,2026-07-22,Post-Rock / Cinematic,Rock / Alternative | Ambient / Neo-Classical,True,,human_artist_batch_review,渐进,4,2,2,11-14 | 14-17,3,3:20 - 3:50 有一段噪音相对更高
qq:003Vop5Z2Vz497,Fort,GoGo Penguin,Fort - GoGo Penguin.mp3,第二波 · 07-22,2026-07-22,Jazz / Soul,Post-Rock / Cinematic,True,,human_artist_batch_review,平静,3,4,7,8-11 | 11-14 | 14-17 | 17-20,4,感觉任何时段都合适
qq:000VtXQj0oR6WQ,fu uh,Chilli Beans.,fu uh - Chilli Beans..mp3,第二波 · 07-22,2026-07-22,Folk / Singer-Songwriter,Rock / Alternative,False,Japanese,human_candidate_confirmed,渐进,3,5,3,14-17 | 17-20,3,
qq:003bim293q4qHu,Hate Yourself,TV Girl,Hate Yourself - TV Girl.mp3,第二波 · 07-22,2026-07-22,Rock / Alternative,Electronic,False,,human_candidate_confirmed,有冲劲,5,4,3,14-17 | 17-20,4,
qq:0023ylVm2PEvez,Let's Get It On,Marvin Gaye,Let's Get It On - Marvin Gaye.mp3,第二波 · 07-22,2026-07-22,Jazz / Soul,Hip-Hop / R&B,False,,human_candidate_confirmed,有冲劲,5,4,2,14-17 | 11-14,3,
qq:001W1IJd2oFNwF,"Long Walk, Short Dock","Blue Wednesday, juniorodeo","Long Walk, Short Dock - Blue Wednesday, juniorodeo.mp3",第二波 · 07-22,2026-07-22,Ambient / Neo-Classical,Hip-Hop / R&B | Electronic,True,,human_candidate_confirmed,平静,1,2,1,8-11 | 11-14 | 14-17 | 17-20,5,全时段合适
qq:002UDvk23XDz6F,Lovelight,Cosmo's Midnight,Lovelight - Cosmo's Midnight.mp3,第二波 · 07-22,2026-07-22,Hip-Hop / R&B,Ambient / Neo-Classical | Electronic,True,,human_candidate_confirmed,渐进,3,4,1,14-17 | 17-20,4,
qq:000xu9YP0QyWcn,Lucky,Choker,Lucky - Choker.mp3,第二波 · 07-22,2026-07-22,Hip-Hop / R&B,Rock / Alternative,,,human_artist_batch_review,渐进,3,3,2,14-17 | 17-20 | 11-14,3,几乎全时段合适
qq:00331Tlh36QIx0,May Ninth,Khruangbin,May Ninth - Khruangbin.mp3,第二波 · 07-22,2026-07-22,Rock / Alternative,Jazz / Soul | Ambient / Neo-Classical,,,human_artist_batch_review,平静,3,3,2,14-17 | 17-20,3,
qq:000NCAYD2o8kMk,81 autumn,Uyama Hiroto,81 autumn - Uyama Hiroto.mp3,第三波 · 07-28,2026-07-28,Hip-Hop / R&B,Jazz / Soul,True,,human_artist_batch_review,平静,3,4,2,8-11,3,
qq:000b5w1649YZam,悋気,iwamizu,悋気 - iwamizu.mp3,第三波 · 07-28,2026-07-28,Hip-Hop / R&B,,,,human_artist_batch_review,平静,2,2,1,14-17 | 11-14 | 8-11,4,
qq:0029bARE21ML6j,南方,文雀,南方 - 文雀.mp3,第三波 · 07-28,2026-07-28,Post-Rock / Cinematic,Rock / Alternative,True,,human_artist_batch_review,有冲劲,3,3,2,11-14 | 8-11,4,
qq:004Lze9o1l2NHm,未定,chilldspot,未定 - chilldspot.mp3,第三波 · 07-28,2026-07-28,Rock / Alternative,,False,Japanese,human_candidate_confirmed,有冲劲,4,5,2,14-17 | 17-20,3,
qq:0013zSOF2zSV7k,Angel Feed,Yard Nule,Angel Feed - Yard Nule.mp3,第三波 · 07-28,2026-07-28,Jazz / Soul,Electronic | Ambient / Neo-Classical,False,,human_candidate_confirmed,平静,2,3,2,8-11 | 11-14,4,
qq:002ZTVhb0fIvtH,Breaking News,"Deluxe, ASM",Breaking News - Deluxe.mp3,第三波 · 07-28,2026-07-28,Hip-Hop / R&B,Rock / Alternative,False,,human_candidate_confirmed,有冲劲,5,4,2,14-17 | 17-20,3,三分钟前后萨克斯的噪音程度可能更高一些
qq:001QjNkD4BIRDS,Dem My Dogs,"Healy, Trapo",Dem My Dogs - Healy.mp3,第三波 · 07-28,2026-07-28,Hip-Hop / R&B,,False,,human_candidate_confirmed,平静,2,3,2,11-14 | 8-11,3,
qq:002lQStw2C4X8q,Easy Does It,Harry McNally,Easy Does It - Harry McNally.mp3,第三波 · 07-28,2026-07-28,Hip-Hop / R&B,Jazz / Soul,False,,human_candidate_confirmed,渐进,3,4,2,11-14 | 14-17 | 17-20,3,最后30秒有一段无关紧要的
qq:004EV2iy0KtfE4,Escargot Blues,Guantanamo Bay Surf Club,Escargot Blues - Guantanamo Bay Surf Club.mp3,第三波 · 07-28,2026-07-28,Folk / Singer-Songwriter,Rock / Alternative,,,human_artist_batch_review,平静,2,3,2,8-11 | 11-14,4,
qq:001weqfk0vvZW5,Living Frost,Mammal Hands,Living Frost - Mammal Hands.mp3,第三波 · 07-28,2026-07-28,Jazz / Soul,,True,,human_artist_batch_review,渐进,4,2,4,8-11 | 11-14,,
qq:003jwsZ22dp65l,Lost Myslf,Tai Verdes,Lost Myslf - Tai Verdes.mp3,第三波 · 07-28,2026-07-28,Hip-Hop / R&B,Folk / Singer-Songwriter,False,,human_candidate_confirmed,有冲劲,5,4,2,11-14 | 14-17 | 8-11,3,
qq:0040UVDj4bZZ3N,Musicology,Prince,Musicology - Prince.mp3,第三波 · 07-28,2026-07-28,Jazz / Soul,,,,human_artist_batch_review,有冲劲,4,4,3,14-17 | 11-14,3,最后20秒有一段无关紧要的
qq:003uNcgM19QImw,One Percent,GoGo Penguin,One Percent - GoGo Penguin.mp3,第三波 · 07-28,2026-07-28,Post-Rock / Cinematic,Jazz / Soul,True,,human_artist_batch_review,有冲劲,5,6,6,11-14 | 14-17 | 17-20,3,
qq:002lo8SN1mOVC8,Red Moon,Tom Misch,Red Moon - Tom Misch.mp3,第三波 · 07-28,2026-07-28,Jazz / Soul,Hip-Hop / R&B | Electronic,False,,human_artist_batch_review,有冲劲,3,2,2,11-14 | 14-17 | 17-20,2,这首不太对 只有中间一半
qq:001ATjVB4OutLK,Remembrance,Balmorhea,Remembrance - Balmorhea.mp3,第三波 · 07-28,2026-07-28,Ambient / Neo-Classical,Post-Rock / Cinematic | Rock / Alternative,True,,human_artist_batch_review,爆发,5,4,6,17-20 | 14-17,3,
qq:004gYJSJ3VOcun,Snap Back,twenty one pilots,Snap Back - twenty one pilots.mp3,第三波 · 07-28,2026-07-28,Hip-Hop / R&B,,False,,human_candidate_confirmed,有冲劲,5,5,4,14-17 | 11-14,3,
qq:000U7YQH3N6K4D,Sundays,FKJ,Sundays - FKJ.mp3,第三波 · 07-28,2026-07-28,Jazz / Soul,Ambient / Neo-Classical,,,human_artist_batch_review,平静,2,2,1,8-11 | 11-14,4,
qq:004fGoVl3u0eL0,The edge of everything,Sleepmakeswaves,The edge of everything - Sleepmakeswaves.mp3,第三波 · 07-28,2026-07-28,Post-Rock / Cinematic,,True,,human_artist_batch_review,爆发,8,5,6,17-20,3,
qq:002VfHxa1tciDS,Wringer,Mammal Hands,Wringer - Mammal Hands.mp3,第三波 · 07-28,2026-07-28,Jazz / Soul,,True,,human_artist_batch_review,平静,3,3,4,11-14 | 14-17 | 8-11 | 17-20,4,
qq:002e7ir11f1VHo,彼方,haruka nakamura,彼方 - 中村遥.mp3,第四波 · 09-25,2026-09-25,Ambient / Neo-Classical,,,,human_artist_batch_review,平静,1,1,2,11-14 | 14-17,3,
qq:002INiAT2Gpxta,布と皮膚,カネコアヤノ,布と皮膚 - カネコアヤノ.mp3,第四波 · 09-25,2026-09-25,Folk / Singer-Songwriter,Rock / Alternative,,,human_artist_batch_review,有冲劲,4,4,2,8-11 | 11-14 | 14-17,4,
qq:001Lr6Ap3ld5UL,大事,陈文非,大事 - 陈文非.mp3,第四波 · 09-25,2026-09-25,Folk / Singer-Songwriter,Ambient / Neo-Classical,False,,human_manual_no_candidate_review,渐进,2,3,2,11-14 | 14-17,,
qq:0003AT4M14g9re,落雨,鲸鱼马戏团,落雨 - 鲸鱼马戏团.mp3,第四波 · 09-25,2026-09-25,Ambient / Neo-Classical,,True,,human_manual_no_candidate_review,平静,1,1,1,14-17 | 11-14,4,
qq:002EtqgT2oEyBZ,热气球,岛屿心情,热气球 - 岛屿心情.mp3,第四波 · 09-25,2026-09-25,Rock / Alternative,,False,,human_manual_no_candidate_review,有冲劲,3,3,2,8-11 | 11-14 | 14-17 | 17-20,3,
qq:001hJlfG2bLQfk,沙发上的白日梦,SoulFa 灵魂沙发,沙发上的白日梦 - SoulFa 灵魂沙发.mp3,第四波 · 09-25,2026-09-25,Rock / Alternative,,True,,human_manual_no_candidate_review,渐进,2,3,2,8-11 | 11-14 | 14-17 | 17-20,3,
qq:0004sVx62fZsQj,神游夜话,文雀,神游夜话 - 文雀.mp3,第四波 · 09-25,2026-09-25,Post-Rock / Cinematic,Rock / Alternative,True,,human_artist_batch_review,平静,2,3,4,8-11 | 11-14,3,
qq:000kO8IT0dzvgA,世界の秘密,Vaundy,世界の秘密 - Vaundy.mp3,第四波 · 09-25,2026-09-25,Hip-Hop / R&B,,False,Japanese,human_manual_no_candidate_review,有冲劲,4,3,2,14-17 | 17-20 | 8-11 | 11-14,3,
qq:002jaefh3NZVjb,夕阳消失之前,Cicada,夕阳消失之前 - Cicada.mp3,第四波 · 09-25,2026-09-25,Ambient / Neo-Classical,,True,,human_artist_batch_review,平静,2,2,2,8-11 | 17-20 | 11-14 | 14-17,3,
qq:001OvxuZ3dttqz,星,Shii,星 - Shii.mp3,第四波 · 09-25,2026-09-25,Electronic,Rock / Alternative,,,human_artist_batch_review,有冲劲,4,4,5,17-20 | 14-17,3,
qq:003u7pXn2K7Ky0,嘘は罪,北村英治,嘘は罪 - 北村英治.mp3,第四波 · 09-25,2026-09-25,Jazz / Soul,,True,,human_artist_batch_review,平静,1,1,1,8-11 | 11-14 | 14-17,4,
qq:001WqQpv4Y2F4Q,友人A,Creepy Nuts,友人A - Creepy Nuts.mp3,第四波 · 09-25,2026-09-25,Hip-Hop / R&B,,,Japanese,human_candidate_confirmed,有冲劲,5,5,4,8-11 | 14-17 | 17-20,3,
qq:0012t5Ex1rYW72,晕船的太空人,昆虫白,晕船的太空人 - 昆虫白.mp3,第四波 · 09-25,2026-09-25,Post-Rock / Cinematic,,,,human_artist_batch_review,渐进,4,4,4,8-11,3,同样负担程度不好把握
qq:002aLMGJ4No678,在这里请你随意,苏运莹,在这里请你随意 - 苏运莹.mp3,第四波 · 09-25,2026-09-25,Hip-Hop / R&B,Folk / Singer-Songwriter,False,,human_manual_no_candidate_review,有冲劲,5,5,3,8-11 | 14-17 | 17-20,3,
qq:003hZ0gD1B7hDu,脏短袖,THE BOOTLEGS 靴腿乐队,脏短袖 - THE BOOTLEGS 靴腿乐队.mp3,第四波 · 09-25,2026-09-25,Rock / Alternative,,False,,human_manual_no_candidate_review,有冲劲,4,4,2,8-11 | 14-17 | 17-20 | 11-14,,
qq:000g5EqJ0nmN5J,A Thread in the Dark,Mammal Hands,A Thread in the Dark - Mammal Hands.mp3,第四波 · 09-25,2026-09-25,Jazz / Soul,,True,,human_artist_batch_review,平静,2,2,3,8-11 | 11-14,3,
qq:003A0eJs30RZmw,Acceptance Speech - 8Track,Walker Hayes,Acceptance Speech - 8Track - Walker Hayes.mp3,第四波 · 09-25,2026-09-25,Folk / Singer-Songwriter,Ambient / Neo-Classical | Hip-Hop / R&B,False,,human_manual_no_candidate_review,渐进,3,3,2,14-17 | 17-20 | 8-11,4,
qq:001DCMxF0MfHVO,Adam and Nathan Totally Kick A**,El Ten Eleven,Adam and Nathan Totally Kick A__ - El Ten Eleven.mp3,第四波 · 09-25,2026-09-25,Post-Rock / Cinematic,Electronic,True,,human_artist_batch_review,有冲劲,5,5,4,17-20 | 14-17,3,
qq:001ryrRg3yQxem,All,Flica,All - Flica.mp3,第四波 · 09-25,2026-09-25,Ambient / Neo-Classical,Electronic,True,,human_artist_batch_review,平静,1,2,1,8-11 | 11-14,4,
qq:0002FfST4PkrDZ,Aqualand,Polo & Pan,Aqualand - Polo & Pan.mp3,第四波 · 09-25,2026-09-25,Electronic,Folk / Singer-Songwriter,False,Other Languages,human_candidate_confirmed,有冲劲,4,5,3,8-11 | 14-17 | 17-20,3,负担程度不好把握
qq:001bp0Yk2yH056,Borderlines,Vraell,Borderlines - Vraell.mp3,第四波 · 09-25,2026-09-25,Folk / Singer-Songwriter,Ambient / Neo-Classical,False,,human_candidate_confirmed,渐进,2,3,2,11-14 | 14-17 | 8-11,3,
qq:0034WjC0255vSL,But,Chon,But - Chon.mp3,第四波 · 09-25,2026-09-25,Post-Rock / Cinematic,Jazz / Soul,True,,human_artist_batch_review,爆发,6,5,6,14-17 | 17-20 | 8-11,3,
qq:004StP7u0GX8V2,Cœur croisé,Polo & Pan,Cœur croisé - Polo & Pan.mp3,第四波 · 09-25,2026-09-25,Electronic,Jazz / Soul | Hip-Hop / R&B,False,Other Languages,human_candidate_confirmed,有冲劲,4,4,3,17-20 | 8-11 | 14-17,3,
qq:002MhnQs41R10a,Continuum 1,Nala Sinephro,Continuum 1 - Nala Sinephro.mp3,第四波 · 09-25,2026-09-25,Jazz / Soul,Ambient / Neo-Classical | Electronic,,,human_artist_batch_review,渐进,3,3,5,8-11 | 11-14,3,
qq:002cBVub1Kncz5,Deep Breath,Paniyolo,Deep Breath - Paniyolo.mp3,第四波 · 09-25,2026-09-25,Ambient / Neo-Classical,,True,,human_artist_batch_review,平静,1,1,1,8-11 | 11-14,5,
qq:0040lw8g3YZ893,Discovery the New World,fox capture plan,Discovery the New World - fox capture plan.mp3,第四波 · 09-25,2026-09-25,Jazz / Soul,Post-Rock / Cinematic,True,,human_artist_batch_review,有冲劲,4,6,5,14-17 | 17-20 | 8-11,3,
qq:001F8bj23GYo4t,Emancipation,Helios,Emancipation - Helios.mp3,第四波 · 09-25,2026-09-25,Ambient / Neo-Classical,Post-Rock / Cinematic,True,,human_artist_batch_review,平静,1,1,1,8-11 | 11-14,5,
qq:0017zjEc1DvndB,First Dream Called Ocean,Helios,First Dream Called Ocean - Helios.mp3,第四波 · 09-25,2026-09-25,Ambient / Neo-Classical,Post-Rock / Cinematic,True,,human_artist_batch_review,平静,1,1,2,8-11 | 11-14,4,
qq:0001jtij4JXGMK,fragrance like home,haruka nakamura,fragrance like home - 中村遥.mp3,第四波 · 09-25,2026-09-25,Ambient / Neo-Classical,Hip-Hop / R&B | Folk / Singer-Songwriter,,,human_artist_batch_review,渐进,2,2,2,8-11 | 11-14 | 14-17,3,
qq:002z9rv20tgIR1,From The Window Of My Room,Dorena,From The Window Of My Room - Dorena.mp3,第四波 · 09-25,2026-09-25,Post-Rock / Cinematic,,True,,human_artist_batch_review,有冲劲,4,5,3,14-17 | 8-11 | 17-20,3,
qq:003ah6O0454i3H,Gabriel's Oboe from The Mission,"Ennio Morricone, 马友友, Roma Sinfonietta","Gabriel's Oboe from The Mission - Ennio Morricone, 马友友, Roma Sinfonietta.mp3",第四波 · 09-25,2026-09-25,Ambient / Neo-Classical,,True,,human_artist_batch_review,平静,1,2,1,8-11 | 11-14 | 14-17,3,
qq:000FSX9W12g5gR,Gardenia,iwamizu,Gardenia - iwamizu.mp3,第四波 · 09-25,2026-09-25,Hip-Hop / R&B,,,,human_artist_batch_review,有冲劲,4,3,1,8-11 | 11-14,4,
qq:003C33fZ3vTKck,HAPPY COOKING,北村英治,HAPPY COOKING - 北村英治.mp3,第四波 · 09-25,2026-09-25,Jazz / Soul,,True,,human_artist_batch_review,平静,2,3,2,11-14 | 14-17 | 8-11,3,
qq:001nquQQ0q36G8,Hello goodbye,toconoma,Hello goodbye - toconoma.mp3,第四波 · 09-25,2026-09-25,Post-Rock / Cinematic,Jazz / Soul,True,,human_artist_batch_review,有冲劲,4,5,3,8-11 | 14-17 | 17-20,4,
qq:002KkZUc09vxV7,Hicari,Akira Kosemura,Hicari - 小濑村晶.mp3,第四波 · 09-25,2026-09-25,Ambient / Neo-Classical,,,,human_artist_batch_review,平静,1,1,2,8-11 | 11-14,3,负担程度不好把握
qq:001dEPl41oHWH7,Horizon,Nujabes,Horizon - Nujabes.mp3,第四波 · 09-25,2026-09-25,Hip-Hop / R&B,,True,,human_artist_batch_review,有冲劲,4,4,3,8-11 | 14-17 | 17-20,3,
qq:004HO5WO2cxlhn,I Feel for You,Prince,I Feel for You - Prince.mp3,第四波 · 09-25,2026-09-25,Jazz / Soul,Hip-Hop / R&B | Rock / Alternative,,,human_artist_batch_review,有冲劲,3,4,4,17-20 | 8-11,3,
qq:001PiN1y2jyMOQ,It Runs Through Me (feat. De La Soul),"Tom Misch, De La Soul",It Runs Through Me (feat. De La Soul) - Tom Misch.mp3,第四波 · 09-25,2026-09-25,Jazz / Soul,Hip-Hop / R&B | Rock / Alternative,False,,human_artist_batch_review,渐进,2,4,4,8-11 | 14-17 | 17-20,3,
qq:003C2dYj2Jv7KE,John Harrington,Goldmund,John Harrington - Goldmund.mp3,第四波 · 09-25,2026-09-25,Ambient / Neo-Classical,,True,,human_artist_batch_review,平静,1,1,5,8-11,1,这首曲子有点抽象，没什么声音，负担程度反而可能会比较高
qq:000g0gAr2MUdAL,Juniper,"Slowly Rolling Camera, Dave Stapleton, Deri Roberts, Elliot Bennett",Juniper - Slowly Rolling Camera.mp3,第四波 · 09-25,2026-09-25,Jazz / Soul,Post-Rock / Cinematic,,,human_artist_batch_review,有冲劲,4,5,6,14-17 | 17-20,3,稍微先锋一点的类型，可能会比较有负担程度
qq:002mhMhW3CI4X4,Juno,Choker,Juno - Choker.mp3,第四波 · 09-25,2026-09-25,Hip-Hop / R&B,Rock / Alternative | Electronic,,,human_artist_batch_review,平静,2,2,2,11-14 | 14-17 | 17-20,3,
qq:000QG2qS1R1Lke,Just Alright,东京酒吐座,Just Alright - 东京酒吐座.mp3,第四波 · 09-25,2026-09-25,Rock / Alternative,Post-Rock / Cinematic,False,,human_manual_no_candidate_review,爆发,6,6,5,8-11 | 17-20,3,
qq:003MHl2d1rGIKT,Keep On,Alfa Mist,Keep On - Alfa Mist.mp3,第四波 · 09-25,2026-09-25,Jazz / Soul,,,,human_artist_batch_review,平静,4,4,7,8-11 | 11-14,3,
qq:0045Rlyq2LM2yR,L'exil,Laurie Darmon,L'exil - Laurie Darmon.mp3,第四波 · 09-25,2026-09-25,Folk / Singer-Songwriter,,False,Other Languages,human_manual_no_candidate_review,平静,2,2,1,8-11 | 11-14,3,
qq:0032f3f143nQ0F,Let Us Live,Dorena,Let Us Live - Dorena.mp3,第四波 · 09-25,2026-09-25,Post-Rock / Cinematic,,True,,human_artist_batch_review,有冲劲,3,4,2,8-11 | 14-17 | 17-20,3,
qq:001mCEAv3k7vA3,lift somebody up,Kiefer feat. Josh Johnson,lift somebody up - Kiefer feat. Josh Johnson.mp3,第四波 · 09-25,2026-09-25,Jazz / Soul,,,,human_artist_batch_review,有冲劲,4,4,7,8-11 | 17-20,3,
qq:002nfKLv28evOK,Looped,Kiasmos,Looped - Kiasmos.mp3,第四波 · 09-25,2026-09-25,Electronic,,,,human_artist_batch_review,渐进,3,4,3,8-11 | 11-14,3,
qq:001ltwY22ks3RA,"Luv Sic, Pt. 3",Funky DL,"Luv Sic, Pt. 3 - Funky DL.mp3",第四波 · 09-25,2026-09-25,Hip-Hop / R&B,Jazz / Soul | Ambient / Neo-Classical,True,,human_candidate_confirmed,渐进,4,4,1,8-11 | 11-14 | 14-17 | 17-20,4,
qq:003V6m7u4eEihH,Luv(sic)pt2 - Acoustica -,中村遥,Luv(sic)pt2 - Acoustica - - 中村遥.mp3,第四波 · 09-25,2026-09-25,Ambient / Neo-Classical,Hip-Hop / R&B,,,human_artist_batch_review,渐进,2,4,1,8-11 | 11-14 | 14-17 | 17-20,4,
qq:000tv9T61Ow5g4,meet me in brooklyn,Yaya Bey,meet me in brooklyn - Yaya Bey.mp3,第四波 · 09-25,2026-09-25,Hip-Hop / R&B,Jazz / Soul,,,human_artist_batch_review,渐进,4,3,5,8-11 | 17-20,3,
qq:002aplaD2uRp5x,Messy,Lola Young,Messy - Lola Young.mp3,第四波 · 09-25,2026-09-25,Hip-Hop / R&B,Rock / Alternative,False,,human_candidate_confirmed,有冲劲,3,3,3,14-17 | 17-20,3,
qq:000TQcC94CIZvg,Morning Horizon,Nitsua,Morning Horizon - Nitsua.mp3,第四波 · 09-25,2026-09-25,Hip-Hop / R&B,Jazz / Soul | Ambient / Neo-Classical,True,,human_candidate_confirmed,平静,3,3,2,8-11,3,
qq:001b0tI90SIPKw,MotherLake,JABBERLOOP,MotherLake - JABBERLOOP.mp3,第四波 · 09-25,2026-09-25,Jazz / Soul,Ambient / Neo-Classical | Post-Rock / Cinematic,True,,human_candidate_confirmed,渐进,3,3,2,8-11 | 11-14 | 14-17,3,
qq:004Rwyen1wQ0vi,Nucleus,Alfa Mist,Nucleus - Alfa Mist.mp3,第四波 · 09-25,2026-09-25,Jazz / Soul,,,,human_artist_batch_review,平静,3,3,4,8-11 | 11-14,3,
qq:004Ary8j1DXl68,Ouendake,Goldmund,Ouendake - Goldmund.mp3,第四波 · 09-25,2026-09-25,Ambient / Neo-Classical,,True,,human_artist_batch_review,平静,1,1,2,8-11 | 11-14,3,
qq:003yjKyC05pg1E,PRDR,fox capture plan,PRDR - fox capture plan.mp3,第四波 · 09-25,2026-09-25,Jazz / Soul,Post-Rock / Cinematic,True,,human_artist_batch_review,爆发,5,6,5,17-20 | 14-17,3,
qq:002AKMaL3RJz3j,Pulse,Re:Plus,Pulse - RePlus.mp3,第四波 · 09-25,2026-09-25,Hip-Hop / R&B,Ambient / Neo-Classical,,,human_artist_batch_review,渐进,3,3,2,8-11 | 11-14,4,
qq:002lcuyX4NpbDv,Rain In The Ashtray,Mooncake,Rain In The Ashtray - Mooncake.mp3,第四波 · 09-25,2026-09-25,Post-Rock / Cinematic,,True,,human_artist_batch_review,有冲劲,4,4,5,8-11 | 14-17 | 17-20,2,
qq:0044cRki0b5Q0t,Rewind,Cleo Sol,Rewind - Cleo Sol.mp3,第四波 · 09-25,2026-09-25,Jazz / Soul,Hip-Hop / R&B,,,human_artist_batch_review,渐进,3,3,4,14-17 | 17-20,,
qq:002NT6Y52IjvTe,Rewrite,milet,Rewrite - milet.mp3,第四波 · 09-25,2026-09-25,Folk / Singer-Songwriter,Hip-Hop / R&B,False,Japanese,human_manual_no_candidate_review,有冲劲,4,3,2,8-11 | 17-20,3,
qq:0010YYK03xexiC,Rose Bay,Ludovico Einaudi,Rose Bay - Ludovico Einaudi.mp3,第四波 · 09-25,2026-09-25,Ambient / Neo-Classical,,True,,human_artist_batch_review,平静,1,1,1,8-11 | 11-14,5,
qq:00308O0k0f6qNj,sign,中村遥,sign - 中村遥.mp3,第四波 · 09-25,2026-09-25,Ambient / Neo-Classical,Electronic | Folk / Singer-Songwriter,,,human_artist_batch_review,平静,3,3,1,8-11 | 11-14 | 14-17,3,
qq:004OAlMp0D65NA,SLEEP,Hiroshi Yoshimura,SLEEP - Hiroshi Yoshimura.mp3,第四波 · 09-25,2026-09-25,Ambient / Neo-Classical,,True,,human_artist_batch_review,平静,1,1,3,8-11 | 11-14,3,
qq:004Qvc0R3esF61,Spartacus Love Theme,"SOIL&""P**P""SESSIONS",Spartacus Love Theme - SOIL&_P__P_SESSIONS.mp3,第四波 · 09-25,2026-09-25,Jazz / Soul,,True,,human_manual_no_candidate_review,渐进,4,3,2,8-11 | 14-17 | 11-14,3,
qq:0030Zl744Bwckx,Spun,Kiasmos,Spun - Kiasmos.mp3,第四波 · 09-25,2026-09-25,Electronic,Ambient / Neo-Classical | Hip-Hop / R&B,,,human_artist_batch_review,有冲劲,3,5,5,8-11 | 11-14,3,
qq:003ko13i4STM3G,Starcourt,Kyle Dixon & Michael Stein,Starcourt - Kyle Dixon & Michael Stein.mp3,第四波 · 09-25,2026-09-25,Post-Rock / Cinematic,Electronic | Ambient / Neo-Classical,True,,human_artist_batch_review,有冲劲,5,5,2,11-14 | 14-17 | 8-11,3,
qq:000bdu314WVu3m,Summer Night,RIOPY,Summer Night - RIOPY.mp3,第四波 · 09-25,2026-09-25,Ambient / Neo-Classical,,True,,human_artist_batch_review,平静,1,2,1,8-11 | 11-14 | 14-17,4,
qq:004RjKlW1MYcwk,Sweet Child O' Mine,孙燕姿,Sweet Child O' Mine - 孙燕姿.mp3,第四波 · 09-25,2026-09-25,Rock / Alternative,Folk / Singer-Songwriter,False,,human_manual_no_candidate_review,有冲劲,4,4,3,14-17 | 17-20,3,
qq:002tlfu13V33Ca,Take 1,Guantanamo Bay Surf Club,Take 1 - Guantanamo Bay Surf Club.mp3,第四波 · 09-25,2026-09-25,Folk / Singer-Songwriter,Rock / Alternative,,,human_artist_batch_review,平静,2,2,2,8-11 | 11-14,3,
qq:001LTc2W46nOpa,Teki,Alfa Mist,Teki - Alfa Mist.mp3,第四波 · 09-25,2026-09-25,Jazz / Soul,Post-Rock / Cinematic,,,human_artist_batch_review,平静,3,4,6,14-17 | 8-11,3,
qq:001qbVUi0c3ofI,The 400 Blues 唐詩四百首,Pu Poo Platter,The 400 Blues 唐詩四百首 - Pu Poo Platter.mp3,第四波 · 09-25,2026-09-25,Post-Rock / Cinematic,Jazz / Soul,,,human_manual_no_candidate_review,渐进,3,5,6,8-11 | 14-17 | 11-14,3,
qq:003KtyjJ30QOn9,the begining of the myth ep.II,fox capture plan,the begining of the myth ep.II - fox capture plan.mp3,第四波 · 09-25,2026-09-25,Jazz / Soul,,True,,human_artist_batch_review,有冲劲,4,4,4,8-11 | 14-17 | 17-20,3,
qq:003cjHhP4f5UoH,The Road,As The Stars Fall,The Road - As The Stars Fall.mp3,第四波 · 09-25,2026-09-25,Post-Rock / Cinematic,Electronic | Ambient / Neo-Classical,True,,human_artist_batch_review,平静,3,2,2,8-11 | 11-14,3,
qq:0015742S01JKRy,The Toy Garden,Helios,The Toy Garden - Helios.mp3,第四波 · 09-25,2026-09-25,Ambient / Neo-Classical,Post-Rock / Cinematic,True,,human_artist_batch_review,平静,3,2,1,8-11 | 11-14 | 14-17,3,
qq:0019JgoE1ogyxP,Under A Lone Ash,Bibio,Under A Lone Ash - Bibio.mp3,第四波 · 09-25,2026-09-25,Ambient / Neo-Classical,Folk / Singer-Songwriter,,,human_artist_batch_review,平静,2,2,2,8-11 | 11-14,3,
qq:004Uf3pG1Wulnm,Utopia (feat. Marti Fischer),"Cory Wong, Metropole Orkest, Jules Buckley, Marti Fischer",Utopia (feat. Marti Fischer) - Cory Wong.mp3,第四波 · 09-25,2026-09-25,Jazz / Soul,Ambient / Neo-Classical,,,human_artist_batch_review,有冲劲,5,4,4,8-11 | 14-17 | 17-20,3,
qq:004P7xQc4edF1F,Venice,Akira Kosemura,Venice - 小濑村晶.mp3,第四波 · 09-25,2026-09-25,Ambient / Neo-Classical,,,,human_artist_batch_review,平静,1,1,2,8-11 | 11-14,4,
qq:000r15hy0gBiOU,Voyage,Ryo Fukui,Voyage - Ryo Fukui.mp3,第四波 · 09-25,2026-09-25,Jazz / Soul,Hip-Hop / R&B | Ambient / Neo-Classical,True,,human_candidate_confirmed,平静,2,3,3,11-14 | 14-17 | 8-11,4,
qq:001Itbg62svmkp,Water Copy,Hiroshi Yoshimura,Water Copy - Hiroshi Yoshimura.mp3,第四波 · 09-25,2026-09-25,Ambient / Neo-Classical,Electronic,True,,human_artist_batch_review,平静,1,1,2,8-11 | 11-14,4,
qq:002Se7OC34yFhZ,What's New,Ax and the Hatchetmen,What's New - Ax and the Hatchetmen.mp3,第四波 · 09-25,2026-09-25,Rock / Alternative,,False,,human_manual_no_candidate_review,有冲劲,4,4,2,8-11 | 17-20,4,
qq:001Wt9JN03rczP,Xtralovable,Prince,Xtralovable - Prince.mp3,第四波 · 09-25,2026-09-25,Jazz / Soul,Hip-Hop / R&B,,,human_artist_batch_review,爆发,4,4,4,8-11 | 17-20,3,
qq:000Zejvx4D6slx,ゆめしぐれ,青葉市子,ゆめしぐれ - 青葉市子.mp3,第四波 · 09-25,2026-09-25,Folk / Singer-Songwriter,Ambient / Neo-Classical,,,human_artist_batch_review,平静,2,1,2,8-11 | 11-14 | 14-17,4,
qq:000eNgNg1QWVlJ,レイテストナンバー,Toe,レイテストナンバー - Toe.mp3,第四波 · 09-25,2026-09-25,Post-Rock / Cinematic,,True,,human_artist_batch_review,渐进,3,5,5,8-11 | 17-20 | 14-17,4,
