track_id,title,artist,source_appearances,target_appearances,total_appearances,two_sided_gain,priority_score
qq:001smf6l4Jw7Fx,蝉,iimmune,8,16,24,6,84
qq:002qRalE18HT75,So We Won't Forget,Khruangbin,8,12,20,6,80
qq:002G2Chc1MB9Gm,数字天体,iimmune,10,1,11,5,61
qq:002sAguz27ILLc,Night Squall,Balmorhea,8,0,8,4,48
qq:0023U8im0EI3sM,Bee,RIOPY,10,0,10,3,40
qq:004CQckK0FNJ8M,Hopopono,GoGo Penguin,0,10,10,3,40
qq:004XqfYg1mNSla,relive,toconoma,0,8,8,3,38
qq:003APVvC4gCEzQ,"With, Beside, Against",Portico Quartet,0,4,4,3,34
qq:0007CBem4C5bBU,Hungry Face,Mogwai,0,3,3,3,33
qq:002eHWc10R58Uk,Caja de la Sala,Khruangbin,6,4,10,2,30
qq:003Ivfhy114Vlr,5Am Waltz,Men I Trust,8,1,9,2,29
qq:002S70Vi2giIup,Mohabbat,Arooj Aftab,8,1,9,2,29
qq:000dpx1K39ZkOj,reflection eternal,Nujabes,0,9,9,2,29
qq:0037LBhA4SfrM6,Utopia,Din of Celestial Birds,8,0,8,2,28
qq:000WLCgm0Wniyb,To Drown in You,GoGo Penguin,2,4,6,2,26
qq:0031jUG02CmUjU,Saans Lo,Arooj Aftab,6,9,15,1,25
qq:003RxRsH4Zmgfz,85mm,Ludovico Einaudi,0,4,4,2,24
qq:002OP9r71u0qbq,"Empty Places, Smiling Faces",I Spell it Nature,4,0,4,2,24
qq:004eH7Lq4QsEN4,Last Hour,FKJ,4,0,4,2,24
qq:000ZNXtw2erSq2,Pearl Lakes,U137,0,4,4,2,24
qq:000gnR5f0L9CqV,SUNSET,"LITE, Yvette Young",0,4,4,2,24
qq:003n2OkW0FRgrp,Signal In The Noise,GoGo Penguin,2,2,4,2,24
qq:001PQRBd0hMLtT,The Beyond,LITE,0,4,4,2,24
qq:001uMt9V15NBBa,distance from palette and orange lines,yutaka hirasaka,0,4,4,2,24
