order,track_id,title,artist,genre,filename,sample_role,source_batch,file_size,sha256,source_path,storage
1,qq:004QUJic2NsHKk,4 Her,iwamizu,Hip-Hop / R&B,4 Her - iwamizu.mp3,new,,3961196,623a3185c302f1506a0c940d392ea5c128945a76b423897c61dffafd4f0a1038,/Users/kaluozheng/Music-Player-Investigation/SongBase/SongResources/4 Her - iwamizu.mp3,hard-link
2,qq:000vGyDL2h5IVl,A Calf Born In Winter,Khruangbin,Rock / Alternative,A Calf Born In Winter - Khruangbin.mp3,new,,8374125,c23f26545ebb60b1afcdba0257b12862dc46b5575a54c325b9bf67c9acbe7746,/Users/kaluozheng/Music-Player-Investigation/SongBase/SongResources/A Calf Born In Winter - Khruangbin.mp3,hard-link
3,qq:001Yccb32sPw6J,"a,s,a",fox capture plan,Jazz / Soul,"a,s,a - fox capture plan.mp3",new,,7026092,c947226be971937ecb988436fd54ab7593c6dd83860ce68dbf28b46ed0e635f7,"/Users/kaluozheng/Music-Player-Investigation/SongBase/SongResources/a,s,a - fox capture plan.mp3",hard-link
4,qq:002zuwNj3JoRQk,Always,Daniel Caesar,Hip-Hop / R&B,Always - Daniel Caesar.mp3,new,,5409260,3655d68613a4245639b1014d8dd8895b6ad786a7a92217559b88433af1980c1c,/Users/kaluozheng/Music-Player-Investigation/SongBase/SongResources/Always - Daniel Caesar.mp3,hard-link
5,qq:002jBS8E2qmhSe,anemo,euphoria,Post-Rock / Cinematic,anemo - euphoria.mp3,new,,7693100,071890a995cc40eb7c6764df85f20fe2ef42c66a0436aff99f12acbd6cca0ba5,/Users/kaluozheng/Music-Player-Investigation/SongBase/SongResources/anemo - euphoria.mp3,hard-link
6,qq:003WZxOr0nISl8,Apalachee,Goldmund,Ambient / Neo-Classical,Apalachee - Goldmund.mp3,new,,7163756,ede4cd355bf0d9b1282809607981f56ff0e92927b95dff51cbe6319a7704e218,/Users/kaluozheng/Music-Player-Investigation/SongBase/SongResources/Apalachee - Goldmund.mp3,hard-link
7,qq:000k0wjJ18IyA5,April,Akira Kosemura,Ambient / Neo-Classical,April - 小濑村晶.mp3,new,,4657580,84e08fe2f4c3575c739a851f6c52db3aae0fe2eeddafe2a3e47eb9e759239d7a,/Users/kaluozheng/Music-Player-Investigation/SongBase/SongResources/April - 小濑村晶.mp3,hard-link
8,qq:004Wvz723OsKcX,Attune,Alfa Mist,Jazz / Soul,Attune - Alfa Mist.mp3,new,,10176812,57e7115bfb3c73e503621b7b43b6c6dc4f718af97b02f79a020117033cbf2ded,/Users/kaluozheng/Music-Player-Investigation/SongBase/SongResources/Attune - Alfa Mist.mp3,hard-link
9,qq:002QRYfa0g0ycu,BABY BLUE,Fishmans,Rock / Alternative,BABY BLUE - Fishmans.mp3,new,,8864108,077692bed564d364662078acab6994ba6d52e3f99131202b2e404a2782bbf9a8,/Users/kaluozheng/Music-Player-Investigation/SongBase/SongResources/BABY BLUE - Fishmans.mp3,hard-link
10,qq:0000AfxH4IPzsZ,Baby Boy,Choker,Hip-Hop / R&B,Baby Boy - Choker.mp3,new,,4098860,b8d73ddf4349428e888b13821d4b927d3d55890fa3409c8f73078916aecaf956,/Users/kaluozheng/Music-Player-Investigation/SongBase/SongResources/Baby Boy - Choker.mp3,hard-link
11,qq:000eyJQw2EJvvT,Baghon Main,"Arooj Aftab, Darian Donovan Thomas",Folk / Singer-Songwriter,Baghon Main - AROOJ AFTAB.mp3,new,,9703916,a2d5166f34bd8f90eabd3835fa88b466ed3208c5e38b8ca81a867cb68c0cd339,/Users/kaluozheng/Music-Player-Investigation/SongBase/SongResources/Baghon Main - AROOJ AFTAB.mp3,hard-link
12,qq:003QeGk22mGMRh,Beauté,Jordan Critz,Ambient / Neo-Classical,Beauté - Jordan Critz.mp3,new,,4008428,327a07a8e3b1411539191d263b92986d790d7b910e247c6051d0678ad62a8219,/Users/kaluozheng/Music-Player-Investigation/SongBase/SongResources/Beauté - Jordan Critz.mp3,hard-link
13,qq:004bgcGz2XKuuq,Before Dawn,Men I Trust,Electronic,Before Dawn - Men I Trust.mp3,new,,5120684,8466e4c90b70c670326de70f06d856b42a446a382caf2c2706e46ffc11b22874,/Users/kaluozheng/Music-Player-Investigation/SongBase/SongResources/Before Dawn - Men I Trust.mp3,hard-link
14,qq:003IiDsd32QrAY,Between The Trees,Akira Kosemura,Ambient / Neo-Classical,Between The Trees - 小濑村晶.mp3,new,,5017580,68bb762c331055e45b506124fea664d7a968a6e54c85a3b99e75f41a76d4f2e8,/Users/kaluozheng/Music-Player-Investigation/SongBase/SongResources/Between The Trees - 小濑村晶.mp3,hard-link
15,qq:002rKFyw2sDUvo,Black Hole Era,Men I Trust,Electronic,Black Hole Era - Men I Trust.mp3,new,,3958316,0bd563d7a137e98e5a5255c6bbf42a3bd467ef090ad0c2fad2af369761fc306c,/Users/kaluozheng/Music-Player-Investigation/SongBase/SongResources/Black Hole Era - Men I Trust.mp3,hard-link
16,qq:000HV69V2OKcLG,Book,Chon,Post-Rock / Cinematic,Book - Chon.mp3,new,,3900140,57b06f0f3082ce6b878a2353eed4011aed6cfe459f7546eca3714909f8573cd3,/Users/kaluozheng/Music-Player-Investigation/SongBase/SongResources/Book - Chon.mp3,hard-link
17,qq:001bp0Yk2yH056,Borderlines,Vraell,Folk / Singer-Songwriter,Borderlines - Vraell.mp3,anchor,Flowset-个人审美样本-郑卡罗-2026-09-25.json,6173612,dc93777ad811c34be1ad83900464c406f085b46fbb9ee0db758440d4d8d6f510,/Users/kaluozheng/Music-Player-Investigation/Flowset-个人审美打标-Demo/音乐第四波测试/Borderlines - Vraell.mp3,hard-link
18,qq:000YmZ4X3cIaIQ,Brian,Alfa Mist,Jazz / Soul,Brian - Alfa Mist.mp3,new,,3718124,97bab0bb3bed2b2cfd53be2781e6484303fdcd3d055bb871f98ac93a139223e4,/Users/kaluozheng/Music-Player-Investigation/SongBase/SongResources/Brian - Alfa Mist.mp3,hard-link
19,qq:003A7wgv3CShSY,Burst,Kiasmos,Electronic,Burst - Kiasmos.mp3,new,,6516332,6152cff155973c559bfeb1ab9de0bc5da5532ed00300d44f3e7350dabd3974ed,/Users/kaluozheng/Music-Player-Investigation/SongBase/SongResources/Burst - Kiasmos.mp3,hard-link
20,qq:002nspul0afXe2,Butterfly,Cleo Sol,Jazz / Soul,Butterfly - Cleo Sol.mp3,new,,5282540,7bc71dedbd90be1db0e3504771ed52dd07c7bb4fa80ee9322f18a0384076db31,/Users/kaluozheng/Music-Player-Investigation/SongBase/SongResources/Butterfly - Cleo Sol.mp3,hard-link
21,qq:000Fw7cX09LLr6,Clementine,Sarah Jaffe,Folk / Singer-Songwriter,Clementine - Sarah Jaffe.mp3,new,,6936236,f8f8d47684113af082c8c5e8dae746420f284e44510561070c0da24f4c8dc43d,/Users/kaluozheng/Music-Player-Investigation/SongBase/SongResources/Clementine - Sarah Jaffe.mp3,hard-link
22,qq:003m8N1q42ILKQ,Costa da Caparica,RIOPY,Ambient / Neo-Classical,Costa da Caparica - RIOPY.mp3,new,,5430572,19d06a3d87949befef484e2c48e54473f7fe785556a13b0930ffcbe36debe5f8,/Users/kaluozheng/Music-Player-Investigation/SongBase/SongResources/Costa da Caparica - RIOPY.mp3,hard-link
23,qq:003t03791sFq4k,CREEK,Hiroshi Yoshimura,Electronic,CREEK - Hiroshi Yoshimura.mp3,new,,7038188,1f9ffb93ecf732ea20add64aa97556c5c3913a175f6bf558c9307bcdbaa3beb8,/Users/kaluozheng/Music-Player-Investigation/SongBase/SongResources/CREEK - Hiroshi Yoshimura.mp3,hard-link
24,qq:003rqPD04BV0pS,crybaby,Kiefer,Jazz / Soul,crybaby - Kiefer.mp3,new,,6878636,d1e172cd9c3203e5088ca199a8287f6a88ab12e9e29935658f93413d23353e0d,/Users/kaluozheng/Music-Player-Investigation/SongBase/SongResources/crybaby - Kiefer.mp3,hard-link
25,qq:0020lBfx0ge2sV,Days of Daze,tfvsjs,Post-Rock / Cinematic,Days of Daze - tfvsjs.mp3,new,,6836588,957152a699b3388ab1cc155bc513124ab1eb19871f007e7735fb7119d1869de0,/Users/kaluozheng/Music-Player-Investigation/SongBase/SongResources/Days of Daze - tfvsjs.mp3,hard-link
26,qq:000IEMhw2BYOh7,Detective Lungmen,"塞壬唱片-MSR, 顾忠山, Damien Banzigou",Post-Rock / Cinematic,"Detective Lungmen - 塞壬唱片-MSR, 顾忠山, Damien Banzigou.mp3",anchor,Flowset-个人审美样本-郑卡罗-2026-07-22.json,3934124,5acc2f8a569f4b0950da536436f57c47a3dc1827baf8f47942c41b0305ede77f,"/Users/kaluozheng/Music-Player-Investigation/Flowset-个人审美打标-Demo/音乐第二波测试/Detective Lungmen - 塞壬唱片-MSR, 顾忠山, Damien Banzigou.mp3",hard-link
27,qq:002dKeV033UOvU,Diamond Cut,文雀,Post-Rock / Cinematic,Diamond Cut - 文雀.mp3,new,,7137836,ece219a2402c4825cb632983ce11e1bc61fa35e7dcab6ea81988278a287fc087,/Users/kaluozheng/Music-Player-Investigation/SongBase/SongResources/Diamond Cut - 文雀.mp3,hard-link
28,qq:0015jyw41OJ2BE,Ditto,DooPiano,Ambient / Neo-Classical,Ditto - DooPiano.mp3,new,,5076908,f08318609a67867bd274750b62b53e77c483bce93ff13a9c26e0b9228c114ff3,/Users/kaluozheng/Music-Player-Investigation/SongBase/SongResources/Ditto - DooPiano.mp3,hard-link
29,qq:001hpPyk2HS7Y2,Diya Hai,"Arooj Aftab, Badi Assad",Folk / Singer-Songwriter,Diya Hai - AROOJ AFTAB.mp3,new,,7138988,a4beb33cbc7cd3bbfa07020d16e76e1b5632661e3575af70f52c71eed76d1158,/Users/kaluozheng/Music-Player-Investigation/SongBase/SongResources/Diya Hai - AROOJ AFTAB.mp3,hard-link
30,qq:000fr5BQ0jAxGk,El Transcurrir De Las Horas,Bosques De Mi Mente,Ambient / Neo-Classical,El Transcurrir De Las Horas - Bosques De Mi Mente.mp3,new,,4645484,84aeb8bdaaa990f9443c7f705ded262a2740b7067874610fd47245fc5b2182c3,/Users/kaluozheng/Music-Player-Investigation/SongBase/SongResources/El Transcurrir De Las Horas - Bosques De Mi Mente.mp3,hard-link
31,qq:004dSD1a3aiGA7,Explore the World,I Spell it Nature,Post-Rock / Cinematic,Explore the World - I Spell it Nature.mp3,new,,8873900,7fd0cb72d2709a4505a9c021fea0663f0f7802b7da05d3e9fc685f9d6445ca69,/Users/kaluozheng/Music-Player-Investigation/SongBase/SongResources/Explore the World - I Spell it Nature.mp3,hard-link
32,qq:000Din7j32GT2W,FEEL,Hiroshi Yoshimura,Electronic,FEEL - Hiroshi Yoshimura.mp3,new,,6431084,524f1fa17db66f683be1b2808a962bc54937a17f46da948e27ee59c60d1a08d1,/Users/kaluozheng/Music-Player-Investigation/SongBase/SongResources/FEEL - Hiroshi Yoshimura.mp3,hard-link
33,qq:004emx212UOp6C,Free Shoes,Busty and the Bass,Rock / Alternative,Free Shoes - Busty and the Bass.mp3,new,,6133868,6fb6fd01cacd98c626033b10e275f5a22f856f577dedd72a0ad3eb8bef58cb23,/Users/kaluozheng/Music-Player-Investigation/SongBase/SongResources/Free Shoes - Busty and the Bass.mp3,hard-link
34,qq:002kLt2c0pfNqf,Girls from Nyc,Harrison Hudson,Rock / Alternative,Girls from Nyc - Harrison Hudson.mp3,new,,3068972,4e844e9ddbf3fecd265dc346f6a23b49f1d94654b9bd5b84f4c7d6e3e49b94fe,/Users/kaluozheng/Music-Player-Investigation/SongBase/SongResources/Girls from Nyc - Harrison Hudson.mp3,hard-link
35,qq:002CCxh22un7aE,Hawaii Oslo,Hania Rani,Ambient / Neo-Classical,Hawaii Oslo - Hania Rani.mp3,new,,6139052,e411dddd577518a9a94921282b214525fd05fa744f7cbcf5b5b35073744417ff,/Users/kaluozheng/Music-Player-Investigation/SongBase/SongResources/Hawaii Oslo - Hania Rani.mp3,hard-link
36,qq:0020exsa1lzTSy,Hell N Back,Bakar,Hip-Hop / R&B,Hell N Back - Bakar.mp3,new,,5100524,e5f050c34738f37bf54c001811386de521c736461048a4f649e7c59a29fd2e5b,/Users/kaluozheng/Music-Player-Investigation/SongBase/SongResources/Hell N Back - Bakar.mp3,hard-link
37,qq:003xz29R1B1rjl,Her Light,Cleo Sol,Jazz / Soul,Her Light - Cleo Sol.mp3,new,,5871788,8ddc60f635bd155324e7b3fd01a5dad2a36f0f6d155b6fbee768635943d759ee,/Users/kaluozheng/Music-Player-Investigation/SongBase/SongResources/Her Light - Cleo Sol.mp3,hard-link
38,qq:000BTyTj02a0Ge,I Giorni,Ludovico Einaudi,Ambient / Neo-Classical,I Giorni - Ludovico Einaudi.mp3,new,,8622764,45d21a5f72a4ad08b5a79e557a8e24f08f76554b8766bddfc46c450f86548a9d,/Users/kaluozheng/Music-Player-Investigation/SongBase/SongResources/I Giorni - Ludovico Einaudi.mp3,hard-link
39,qq:000ZzVmT0pztQn,In My Feelings,Brasstracks,Hip-Hop / R&B,In My Feelings - Brasstracks.mp3,new,,4781420,7c27562e2af3d947983f3ddc744fbb12b800f4e307529991eb57d356fce4dc8e,/Users/kaluozheng/Music-Player-Investigation/SongBase/SongResources/In My Feelings - Brasstracks.mp3,hard-link
40,qq:00412O2t3vvSaf,Inayaat,Arooj Aftab,Folk / Singer-Songwriter,Inayaat - AROOJ AFTAB.mp3,new,,11215340,55c696ce5174a7236bd7c708e6eaa2191a7e0a662fbe7f2b3ad29d2316d605ba,/Users/kaluozheng/Music-Player-Investigation/SongBase/SongResources/Inayaat - AROOJ AFTAB.mp3,hard-link
41,qq:000SVSO43iO5Sf,Kaleidoscope,fox capture plan,Jazz / Soul,Kaleidoscope - fox capture plan.mp3,new,,6575660,b60ed561a3d362e28a4ea63187ef7dfa9bde806a89df0225f4cf0000a7e6f7da,/Users/kaluozheng/Music-Player-Investigation/SongBase/SongResources/Kaleidoscope - fox capture plan.mp3,hard-link
42,qq:002RmLCj3YocBw,Leave My Home,FKJ,Jazz / Soul,Leave My Home - FKJ.mp3,new,,5325164,e47cd6220280e4805c88d3225534d28634e7e5ad03cdb56bf26b42c1b8e40bf4,/Users/kaluozheng/Music-Player-Investigation/SongBase/SongResources/Leave My Home - FKJ.mp3,hard-link
43,qq:001Yp2jV0q9f5B,Love Of The Loveless,Eels,Rock / Alternative,Love Of The Loveless - Eels.mp3,new,,5083820,15870000f07e40a61d568b5734cc941acc2d2a028ef14874443c08d3ac13f7cb,/Users/kaluozheng/Music-Player-Investigation/SongBase/SongResources/Love Of The Loveless - Eels.mp3,hard-link
44,qq:001Ev8hg2TD4EF,Mars 2027,青葉市子,Folk / Singer-Songwriter,Mars 2027 - 青葉市子.mp3,new,,19501485,fb542ec7349c51e64f955d7bedfb0012ae261e4d87a3b50099f4f161c7b56332,/Users/kaluozheng/Music-Player-Investigation/SongBase/SongResources/Mars 2027 - 青葉市子.mp3,hard-link
45,qq:002rH1mb3CdKee,Masollan,Balmorhea,Ambient / Neo-Classical,Masollan - Balmorhea.mp3,new,,7524332,5be29dae1ed50f03f7ab0584a2b7749a0ad8279af6a4617d50ebd93724682871,/Users/kaluozheng/Music-Player-Investigation/SongBase/SongResources/Masollan - Balmorhea.mp3,hard-link
46,qq:0048buGv2Ed4db,Meet Me Halfway,Black Eyed Peas,Hip-Hop / R&B,Meet Me Halfway - Black Eyed Peas.mp3,new,,6945452,6cf9f492e73740cbf5509d4ffe0a1ebc0b18344090b72bc51f3f8c657aa9059e,/Users/kaluozheng/Music-Player-Investigation/SongBase/SongResources/Meet Me Halfway - Black Eyed Peas.mp3,hard-link
47,qq:000AexBa3aUqOw,Moksha,Choker,Hip-Hop / R&B,Moksha - Choker.mp3,new,,5032556,0d468a395abb889abc08ef1c2d6d0dc6a330b64f6efbd3fb725068a026ffb076,/Users/kaluozheng/Music-Player-Investigation/SongBase/SongResources/Moksha - Choker.mp3,hard-link
48,qq:004col4V0Addn1,Murmuration,GoGo Penguin,Jazz / Soul,Murmuration - GoGo Penguin.mp3,new,,6067628,8dc2aefa6cd8e2828748d226edfbef9ebb5ed7c54d4ddb5161e82362078bef2d,/Users/kaluozheng/Music-Player-Investigation/SongBase/SongResources/Murmuration - GoGo Penguin.mp3,hard-link
49,qq:002vRxmB2XHA8X,New Day,"Devon Rea, goson",Ambient / Neo-Classical,New Day - Devon Rea.mp3,new,,3067244,72ea0ccbd05ad6a03aed6f9cdd4770475dd8edaec8520b19635504a705af6b70,/Users/kaluozheng/Music-Player-Investigation/SongBase/SongResources/New Day - Devon Rea.mp3,hard-link
50,qq:002d45We3GEd3t,on the pisces moon,Yaya Bey,Hip-Hop / R&B,on the pisces moon - Yaya Bey.mp3,new,,4033196,5b36813165d584293c9496e1f161bf5c5d092ad00098634cdcda307e0acb3831,/Users/kaluozheng/Music-Player-Investigation/SongBase/SongResources/on the pisces moon - Yaya Bey.mp3,hard-link
51,qq:000VscI62pVJIh,Passacaglia (fugler med ord i nebbet),Spurv,Post-Rock / Cinematic,Passacaglia (fugler med ord i nebbet) - Spurv.mp3,new,,20482028,5a69cb02c701f9bb6fff424aedf3808079f0f8ad5ed0e6ea12c092f330e49e1e,/Users/kaluozheng/Music-Player-Investigation/SongBase/SongResources/Passacaglia (fugler med ord i nebbet) - Spurv.mp3,hard-link
52,qq:001y4w0t38xHV3,Plug In Baby,fox capture plan,Jazz / Soul,Plug In Baby - fox capture plan.mp3,new,,6633836,60768991107524a016610809ebee6145e97912b36a3a50996923f3deb4a9cefe,/Users/kaluozheng/Music-Player-Investigation/SongBase/SongResources/Plug In Baby - fox capture plan.mp3,hard-link
53,qq:001r0we12IjRXg,Quarters,Bibio,Hip-Hop / R&B,Quarters - Bibio.mp3,new,,4822892,fb007552edd2b7c2dd7ec91beaed8d394d22ffedcbf8ed0d02346539d24edece,/Users/kaluozheng/Music-Player-Investigation/SongBase/SongResources/Quarters - Bibio.mp3,hard-link
54,qq:003j6EiF1Qnh13,Reflektor,Arcade Fire,Rock / Alternative,Reflektor - Arcade Fire.mp3,new,,11086892,1c9d1414562db039272db5932001739305e3d9f280861dcf8dc18cc7278a0d51,/Users/kaluozheng/Music-Player-Investigation/SongBase/SongResources/Reflektor - Arcade Fire.mp3,hard-link
55,qq:002seChr18gdsK,Remarkable Diving Feat,Sea Power,Post-Rock / Cinematic,Remarkable Diving Feat - Sea Power.mp3,new,,6198956,e1340a23dfc9c8b6296b1f9f2e846d6986ec1d4524f5fdc482d0d3bbf3c3ff22,/Users/kaluozheng/Music-Player-Investigation/SongBase/SongResources/Remarkable Diving Feat - Sea Power.mp3,hard-link
56,qq:004RlFCf21hXWK,Rollerball,Mogwai,Post-Rock / Cinematic,Rollerball - Mogwai.mp3,new,,5466860,1e9e1885dc13a63cd8558b91b710d71d099b2e8bc4e6bc88e017200ed805fd59,/Users/kaluozheng/Music-Player-Investigation/SongBase/SongResources/Rollerball - Mogwai.mp3,hard-link
57,qq:004F9h4J1NjHD9,Sagu Palm's Song,青葉市子,Folk / Singer-Songwriter,Sagu Palm's Song - 青葉市子.mp3,anchor,Flowset-个人审美样本-郑卡罗-2026-07-16.json,5690348,394b54df35c741866606f6e41fa12516c135d5866f1d565ec427b998c7788260,/Users/kaluozheng/Music-Player-Investigation/Flowset-个人审美打标-Demo/音乐第一波测试/Sagu Palm's Song - 青葉市子.mp3,hard-link
58,qq:003XfAN33n2GQj,Sailed,Kiasmos,Electronic,Sailed - Kiasmos.mp3,new,,6198956,7c832f6d1ef062268370436ab47ef89bdf37c211df1f3ca667a4f994b8d2bba3,/Users/kaluozheng/Music-Player-Investigation/SongBase/SongResources/Sailed - Kiasmos.mp3,hard-link
59,qq:001kqduD3jf6C0,Sakura,RIOPY,Ambient / Neo-Classical,Sakura - RIOPY.mp3,new,,5449580,f05b6fa606c369e8cb6bae251145ec10bb34e6f7aa18675cc9acafbe2af951d5,/Users/kaluozheng/Music-Player-Investigation/SongBase/SongResources/Sakura - RIOPY.mp3,hard-link
60,qq:002CcEQY1xqVyA,Say U Won't,Brasstracks,Hip-Hop / R&B,Say U Won't - Brasstracks.mp3,new,,4564268,e94423763b29f97b8ef7e39d1231a1a6ac890d67ce1c9f8ac1611ef59943fcc0,/Users/kaluozheng/Music-Player-Investigation/SongBase/SongResources/Say U Won't - Brasstracks.mp3,hard-link
61,qq:0006aQVw4RReA0,Secret Pint,Mogwai,Post-Rock / Cinematic,Secret Pint - Mogwai.mp3,new,,5219756,4dd203765d91561eeab8b058ade22000b8fcee803c9294f32ec26f7ee1c573f1,/Users/kaluozheng/Music-Player-Investigation/SongBase/SongResources/Secret Pint - Mogwai.mp3,hard-link
62,qq:002rCRhp1lzt8z,showers with sunny intervals,how to count one to ten,Post-Rock / Cinematic,showers with sunny intervals - how to count one to ten.mp3,new,,7681580,247440f20731a5d142b3e86939ba2a24c5de82b9a16cf8e1f2278eecb73f195a,/Users/kaluozheng/Music-Player-Investigation/SongBase/SongResources/showers with sunny intervals - how to count one to ten.mp3,hard-link
63,qq:000K72Bh3DYh4W,Spartacus Love Theme,Re:Plus,Hip-Hop / R&B,Spartacus Love Theme - RePlus.mp3,new,,6387308,2e20189bdd763a675488ecb419574e711ec12e820f4979827118982acc01fd1c,/Users/kaluozheng/Music-Player-Investigation/SongBase/SongResources/Spartacus Love Theme - RePlus.mp3,hard-link
64,qq:001W3aRD0pTanm,Summer Suite,Jordan Critz,Ambient / Neo-Classical,Summer Suite - Jordan Critz.mp3,new,,4729004,c599e74c0462ee2a131d85a98b021580bc10fcc15bf420e677cbe0a6667b164b,/Users/kaluozheng/Music-Player-Investigation/SongBase/SongResources/Summer Suite - Jordan Critz.mp3,hard-link
65,qq:002fxf3t2ALtcN,Sworn,Kiasmos,Electronic,Sworn - Kiasmos.mp3,new,,10196204,5219ad94eed6e4a340d1efad1919e5f87cb54045c6e75768bc4aad7d238ce67e,/Users/kaluozheng/Music-Player-Investigation/SongBase/SongResources/Sworn - Kiasmos.mp3,hard-link
66,qq:004fGoVl3u0eL0,The edge of everything,Sleepmakeswaves,Post-Rock / Cinematic,The edge of everything - Sleepmakeswaves.mp3,anchor,Flowset-个人审美样本-郑卡罗-2026-07-28.json,15175916,5aaf394db32cd3e2d58a32566e82863d046b7379f13ee0e8be092f9f6798eb94,/Users/kaluozheng/Music-Player-Investigation/Flowset-个人审美打标-Demo/音乐第三波测试/The edge of everything - Sleepmakeswaves.mp3,hard-link
67,qq:003zVwHk2xsG8w,The Idiot,Seth Staton Watkins,Folk / Singer-Songwriter,The Idiot - Seth Staton Watkins.mp3,new,,3609260,9f29406209b48c3dc6a6cdcb7ede7c6bf3dce62c88344d15639cbfd03ea38d1d,/Users/kaluozheng/Music-Player-Investigation/SongBase/SongResources/The Idiot - Seth Staton Watkins.mp3,hard-link
68,qq:00298Rmi4YuPm3,Things Change,Busty and the Bass,Jazz / Soul,Things Change - Busty and the Bass.mp3,new,,6632108,f36240a295e16a68106b05b6887d23288969c9d42249a556d83e2f01dc66743a,/Users/kaluozheng/Music-Player-Investigation/SongBase/SongResources/Things Change - Busty and the Bass.mp3,hard-link
69,qq:003kokjK2mtbbP,Track in Time,Dennis Kuo,Ambient / Neo-Classical,Track in Time - Dennis Kuo.mp3,new,,7655084,31ef3e50bb09d05ce8f8f5c3ff1b499d7d7f60a199d634c814c92c2292480e28,/Users/kaluozheng/Music-Player-Investigation/SongBase/SongResources/Track in Time - Dennis Kuo.mp3,hard-link
70,qq:001oflCY04HG3p,Up Top,Busty and the Bass,Jazz / Soul,Up Top - Busty and the Bass.mp3,new,,6771500,9cd36a44c5c083841b7d6c0cc1cd5439f115e6078a952115ad33b2dbfe3d63fc,/Users/kaluozheng/Music-Player-Investigation/SongBase/SongResources/Up Top - Busty and the Bass.mp3,hard-link
71,qq:002xV9Fi2BDhIi,Us - A COLORS SHOW,FKJ,Jazz / Soul,Us - A COLORS SHOW - FKJ.mp3,new,,5673644,3114d580b506250be714577d10e636d5cdf7960a5323c16b35f4af25d594c876,/Users/kaluozheng/Music-Player-Investigation/SongBase/SongResources/Us - A COLORS SHOW - FKJ.mp3,hard-link
72,qq:002ukzuo0u5PpB,Valley Wulf,Bibio,Ambient / Neo-Classical,Valley Wulf - Bibio.mp3,new,,4810220,0d8d228ff1288bc53814cb0ccb58f0409180b70266f263f8d0dced1ea741cbee,/Users/kaluozheng/Music-Player-Investigation/SongBase/SongResources/Valley Wulf - Bibio.mp3,hard-link
73,qq:003mIUru2PtkWB,We Had to End It,Cuco,Rock / Alternative,We Had to End It - Cuco.mp3,new,,8394668,848e254b261e000dce90e75041b088ad77a02fc396f6baec5692e6fd8dcaa31b,/Users/kaluozheng/Music-Player-Investigation/SongBase/SongResources/We Had to End It - Cuco.mp3,hard-link
74,qq:001B8RWL2XpoZd,When You Were Mine,Prince,Jazz / Soul,When You Were Mine - Prince.mp3,new,,5414444,edb407f06c21f6be5eff7b85d3fad3c712a891c0f3b5d0674b26230ef697921a,/Users/kaluozheng/Music-Player-Investigation/SongBase/SongResources/When You Were Mine - Prince.mp3,hard-link
75,qq:001Yr0lf42iGF6,Yellow Surf,toconoma,Jazz / Soul,Yellow Surf - toconoma.mp3,new,,8957996,4816a5b537f68266348c64652a4844c5d35a8743c0a297ae6e86d70191f7c838,/Users/kaluozheng/Music-Player-Investigation/SongBase/SongResources/Yellow Surf - toconoma.mp3,hard-link
76,qq:002Vup6o0UxIf1,Yes! I Am a Long Way from Home,Mogwai,Post-Rock / Cinematic,Yes! I Am a Long Way from Home - Mogwai.mp3,new,,8573228,b07e70fe22be1c2e5b129a0d731abcfdc19c9932e1e643ca4a259079117ae12c,/Users/kaluozheng/Music-Player-Investigation/SongBase/SongResources/Yes! I Am a Long Way from Home - Mogwai.mp3,hard-link
77,qq:002cO90C3RuTSi,あの日のままのぼくら,"雨宮天, 高橋李依, 茅野愛衣",Folk / Singer-Songwriter,"あの日のままのぼくら - 雨宮天, 高橋李依, 茅野愛衣.mp3",new,,7681964,3114c194d78c7b44735cab230d82d761c33a4b8f21f0bd8c2fa787be184a39d7,"/Users/kaluozheng/Music-Player-Investigation/SongBase/SongResources/あの日のままのぼくら - 雨宮天, 高橋李依, 茅野愛衣.mp3",hard-link
78,qq:001M1pBx4a1a3B,あの街に風吹けば,羊文学,Rock / Alternative,あの街に風吹けば - 羊文学.mp3,new,,7890284,57800ca367b0adcbf1370aeea2b0b84f8009e9eb050490957d677305a65200b3,/Users/kaluozheng/Music-Player-Investigation/SongBase/SongResources/あの街に風吹けば - 羊文学.mp3,hard-link
79,qq:003oIEvw3dcIKc,いりぐちでぐち,青葉市子,Folk / Singer-Songwriter,いりぐちでぐち - 青葉市子.mp3,new,,28615724,1056b734f0e950d748c0f16029330d1b69e0b89e8a6a28aaec302ad6f6f20fbe,/Users/kaluozheng/Music-Player-Investigation/SongBase/SongResources/いりぐちでぐち - 青葉市子.mp3,hard-link
80,qq:003wyPWg2vNdDH,うたのけはい,青葉市子,Folk / Singer-Songwriter,うたのけはい - 青葉市子.mp3,new,,5111685,489e55996a5c88a6b7628b47b4988806b267390453c4594748b66489457bcafc,/Users/kaluozheng/Music-Player-Investigation/SongBase/SongResources/うたのけはい - 青葉市子.mp3,hard-link
81,qq:001tZ9sr11IkDI,おめでとうの唄,青葉市子,Folk / Singer-Songwriter,おめでとうの唄 - 青葉市子.mp3,new,,3817964,b8ea157f28a7379b177a0711c6da8bdf8e3f418bdd478df24104dbb358773a66,/Users/kaluozheng/Music-Player-Investigation/SongBase/SongResources/おめでとうの唄 - 青葉市子.mp3,hard-link
82,qq:001sEBpU4eSUwP,さよならペンギン,青葉市子,Folk / Singer-Songwriter,さよならペンギン - 青葉市子.mp3,new,,4460204,0d5dbeb1fd73d6fbeb8cd136ba543e2c0451603ec344e8f8cb5e4e472ed26f49,/Users/kaluozheng/Music-Player-Investigation/SongBase/SongResources/さよならペンギン - 青葉市子.mp3,hard-link
83,qq:0015SwUd2uOwmJ,アンディーヴと眠って,青葉市子,Folk / Singer-Songwriter,アンディーヴと眠って - 青葉市子.mp3,new,,12869804,aa4a229c4860f912422ea9995e36464e71c04b8f1f8eeb5a5175f8df8cd6ec18,/Users/kaluozheng/Music-Player-Investigation/SongBase/SongResources/アンディーヴと眠って - 青葉市子.mp3,hard-link
84,qq:004KMRH61Ljgwt,オトノケ - Otonoke,Creepy Nuts,Hip-Hop / R&B,オトノケ - Otonoke - Creepy Nuts.mp3,new,,4698476,e6633f9ea4d234177686c63e9e784aa77b73b006f2fecc443b92651347b959a4,/Users/kaluozheng/Music-Player-Investigation/SongBase/SongResources/オトノケ - Otonoke - Creepy Nuts.mp3,hard-link
85,qq:002CRWbF4L1ef4,フェンスのある家,OGRE YOU A**HOLE,Rock / Alternative,フェンスのある家 - OGRE YOU A**HOLE.mp3,new,,16493804,6ae0faa6ec4a60c18337e7abf6bda4821a9c8599d99746a782f7dcc1717cbfc3,/Users/kaluozheng/Music-Player-Investigation/SongBase/SongResources/フェンスのある家 - OGRE YOU A**HOLE.mp3,hard-link
86,qq:002ySl5c0f7jQb,マホロボシヤ,青葉市子,Folk / Singer-Songwriter,マホロボシヤ - 青葉市子.mp3,new,,13816364,6c31b59a261353de27e13181d1b16a96ee9ea5ed9107f221f3a6d8c873bea268,/Users/kaluozheng/Music-Player-Investigation/SongBase/SongResources/マホロボシヤ - 青葉市子.mp3,hard-link
87,qq:000LbxEY3wyFZ8,ライフワーク,OGRE YOU A**HOLE,Rock / Alternative,ライフワーク - OGRE YOU A**HOLE.mp3,anchor,Flowset-个人审美样本-郑卡罗-2026-07-16.json,7249004,2cc92e33de20b4a4e10c23970e14fe901f3438cca3e8849d368bb9b5c2aecc5d,/Users/kaluozheng/Music-Player-Investigation/Flowset-个人审美打标-Demo/音乐第一波测试/ライフワーク - OGRE YOU A**HOLE.mp3,hard-link
88,qq:004WbB4i3RClST,ロープ,OGRE YOU A**HOLE,Rock / Alternative,ロープ - OGRE YOU A**HOLE.mp3,new,,15870764,82dffee6175bd5d2868e7541e5f88154f0db21f1941d3bb647d1c90bb2f50bf6,/Users/kaluozheng/Music-Player-Investigation/SongBase/SongResources/ロープ - OGRE YOU A**HOLE.mp3,hard-link
89,qq:00400umx31UH5p,人间风景,Fayzz,Ambient / Neo-Classical,人间风景 - Fayzz.mp3,new,,16505251,0cab90f981edbc8e9e8e0f818eb5e1c791f94a8e050e822a7e671ed0c2b1e67b,/Users/kaluozheng/Music-Player-Investigation/SongBase/SongResources/人间风景 - Fayzz.mp3,hard-link
90,qq:002ZRUn93X6hde,仁恕,iwamizu,Hip-Hop / R&B,仁恕 - iwamizu.mp3,new,,4723820,1fc9d36516eb80b7c97ff15cf0d882b8da4893f4a74d6efdf7ddb55f89de265b,/Users/kaluozheng/Music-Player-Investigation/SongBase/SongResources/仁恕 - iwamizu.mp3,hard-link
91,qq:003jSlE31PQbqZ,住在十六层的少年,16层乐队,Post-Rock / Cinematic,住在十六层的少年 - 16层乐队.mp3,new,,11813804,d455a266d3f6e3a1c361ab9f9cac5f14d6ae2854a0d7f2a4770cd963654bad89,/Users/kaluozheng/Music-Player-Investigation/SongBase/SongResources/住在十六层的少年 - 16层乐队.mp3,hard-link
92,qq:002Dtbtf3ZIb3Y,半空日落色,Uhsgnǒd,Post-Rock / Cinematic,半空日落色 - Uhsgnǒd.mp3,new,,6341228,483dc83b1bf16323b5de76c89695b9ec3fc00b5cc67a46b62fcebdceecbc2dee,/Users/kaluozheng/Music-Player-Investigation/SongBase/SongResources/半空日落色 - Uhsgnǒd.mp3,hard-link
93,qq:003Iat1t4aoTdW,双位循环,She Never Sings Our Songs,Post-Rock / Cinematic,双位循环 - She Never Sings Our Songs.mp3,new,,9099116,49958b63bf8e9268d753394ef7ef05032e548295b90b322ab7a9af4185158571,/Users/kaluozheng/Music-Player-Investigation/SongBase/SongResources/双位循环 - She Never Sings Our Songs.mp3,hard-link
94,qq:004gdY3S3vzhdj,季风 (Monsoon),Fayzz,Post-Rock / Cinematic,季风 (Monsoon) - Fayzz.mp3,new,,6709292,e83e437d7c45e1bb4eb56699747e00acffa49cd1447460b587f4ec90e53e978f,/Users/kaluozheng/Music-Player-Investigation/SongBase/SongResources/季风 (Monsoon) - Fayzz.mp3,hard-link
95,qq:001ibzed4YD80W,惊蛰,天声乐队,Post-Rock / Cinematic,惊蛰 - 天声乐队.mp3,new,,7676972,d630a3f11da3cd39a1de1823aadeafc056c04bc14517a04ae92fa4945f709ec0,/Users/kaluozheng/Music-Player-Investigation/SongBase/SongResources/惊蛰 - 天声乐队.mp3,hard-link
96,qq:003u54g41pPMoD,明天你依旧在我身旁,声音玩具,Rock / Alternative,明天你依旧在我身旁 - 声音玩具.mp3,new,,11764844,4f8f86b2b960da0e8c350a896b76f09c6ccf5eff0b9b1e89b3884eaee2ca8a80,/Users/kaluozheng/Music-Player-Investigation/SongBase/SongResources/明天你依旧在我身旁 - 声音玩具.mp3,hard-link
97,qq:003LDRsX47cggs,电动少女,Chinese Football,Rock / Alternative,电动少女 - Chinese Football.mp3,new,,12451244,7b7589dbb798cac1e7b0bf5ee82b1a3b764e84ce6bda906c60955140ab6fec8e,/Users/kaluozheng/Music-Player-Investigation/SongBase/SongResources/电动少女 - Chinese Football.mp3,hard-link
98,qq:003BDBLq2LtEgh,男の子女の子,Les 5-4-3-2-1,Folk / Singer-Songwriter,男の子女の子 - Les 5-4-3-2-1.mp3,new,,5412716,466eb84db07d4634f9f2ed6fc768fca0532fb948f27f61559ceeb134e6f83399,/Users/kaluozheng/Music-Player-Investigation/SongBase/SongResources/男の子女の子 - Les 5-4-3-2-1.mp3,hard-link
99,qq:003UXQSv0OiIBc,神様のたくらみ,青葉市子,Folk / Singer-Songwriter,神様のたくらみ - 青葉市子.mp3,new,,8260844,f5e0ffcaac9267c9657085d0fec2cad50410c59bc8fcfce53472ad4adb0c7ee2,/Users/kaluozheng/Music-Player-Investigation/SongBase/SongResources/神様のたくらみ - 青葉市子.mp3,hard-link
100,qq:003q0Ol72JP40X,金色,羊文学,Rock / Alternative,金色 - 羊文学.mp3,new,,11243564,7a43b389e4fe96c6639c8e11a262c0d04cbab4d19d2a07c236d7223b1ae55727,/Users/kaluozheng/Music-Player-Investigation/SongBase/SongResources/金色 - 羊文学.mp3,hard-link
