order,track_id,title,artist,genre,filename,file_size,sha256,source_path,storage
1,qq:0029XvhG143tPB,1 to 10,Midnight Jogging Club,Hip-Hop / R&B,1 to 10 - Midnight Jogging Club.mp3,7685267,5aaadc13fdda918d433b75e613b672dd2d8cd2104b780ea938e59c47378c5940,/Users/kaluozheng/Music-Player-Investigation/SongBase/SongResources/1 to 10 - Midnight Jogging Club.mp3,hard-link
2,qq:0043Jesn1uayV6,2AM in New York,iwamizu,Hip-Hop / R&B,2AM in New York - iwamizu.mp3,9640556,546f847e29997e880802999aedee80b5702134c7ce645440cea456d6a32070b7,/Users/kaluozheng/Music-Player-Investigation/SongBase/SongResources/2AM in New York - iwamizu.mp3,hard-link
3,qq:000tDeX64NQu44,A Real Hero,"College, Electric Youth",Electronic,"A Real Hero - College, Electric Youth.mp3",10726125,f292184ce993fe395a197979037a61afa40e2336d638038aee0f2c405a106bf6,"/Users/kaluozheng/Music-Player-Investigation/SongBase/SongResources/A Real Hero - College, Electric Youth.mp3",hard-link
4,qq:000N6Kpg3JHeei,airport,柏大輔,Electronic,airport - 柏大輔.mp3,20250284,114c94a7b6759033525e6ad1fda5988275a827ce5fa3576e439b08bb4b95a4e4,/Users/kaluozheng/Music-Player-Investigation/SongBase/SongResources/airport - 柏大輔.mp3,hard-link
5,qq:000nNWD4350LJQ,Ante Meridiem,Men I Trust,Electronic,Ante Meridiem - Men I Trust.mp3,3495788,3ee29cacd97b032bf9491ca75fd7bed577d712893983e7922b6ad554e4f8ef3e,/Users/kaluozheng/Music-Player-Investigation/SongBase/SongResources/Ante Meridiem - Men I Trust.mp3,hard-link
6,qq:0010n11X1LhT3c,Anything Can Be,Pray For Sound,Post-Rock / Cinematic,Anything Can Be - Pray For Sound.mp3,12471945,e73320060cf8e7306bee5694e2e27d0ed5a02d96cd85d65c8107d5166f7370dd,/Users/kaluozheng/Music-Player-Investigation/SongBase/SongResources/Anything Can Be - Pray For Sound.mp3,hard-link
7,qq:002JLy6B3bZx4J,Anything Can Happen,Violet Palms,Rock / Alternative,Anything Can Happen - Violet Palms.mp3,4015916,1f42104922f20f00cbfd8ffce509bb86581c9f2f0f1c2710bc8d7f3fb7e62c50,/Users/kaluozheng/Music-Player-Investigation/SongBase/SongResources/Anything Can Happen - Violet Palms.mp3,hard-link
8,qq:003jIgSk0m39aP,Argentina,iimmune,Electronic,Argentina - iimmune.mp3,12577964,76c7a9b044ff1b1d3467a367632b05b8c0230ee4266a2f4d3d7f287cb9075485,/Users/kaluozheng/Music-Player-Investigation/SongBase/SongResources/Argentina - iimmune.mp3,hard-link
9,qq:0009v77J2FUFvx,AURORA,haruka nakamura,Ambient / Neo-Classical,AURORA - haruka nakamura.mp3,8507602,01300505747451cf5e35df6d9ebf983dbbae1ba9b37a12685044c4cf526af23a,/Users/kaluozheng/Music-Player-Investigation/SongBase/SongResources/AURORA - haruka nakamura.mp3,hard-link
10,qq:002jNi0404aqYg,Awake,TWO LANES,Electronic,Awake - TWO LANES.mp3,3908780,8bbb496a68cddfe0f4ce9fca7db02ca228bceb8eddc25cd5f1bfc442be5c366d,/Users/kaluozheng/Music-Player-Investigation/SongBase/SongResources/Awake - TWO LANES.mp3,hard-link
11,qq:002X6BID3oubKE,Beer,Yosi Horikawa,Electronic,Beer - Yosi Horikawa.mp3,8110541,92ecb36fe0d158372538dea24be25d27b548f4c3132e957366d3cb71d2f0b4f8,/Users/kaluozheng/Music-Player-Investigation/SongBase/SongResources/Beer - Yosi Horikawa.mp3,hard-link
12,qq:000pTXyb4Z0RrG,Bellows,loscil,Electronic,Bellows - Loscil.mp3,9277676,c20d162d2bfcb166ea3195d323b47bd2503888294ee780810c51a105681c9b26,/Users/kaluozheng/Music-Player-Investigation/SongBase/SongResources/Bellows - Loscil.mp3,hard-link
13,qq:001eoI9Q1mm0Jv,Beluga,Men I Trust,Electronic,Beluga - Men I Trust.mp3,1706732,7872df9c43d50ea4cdb976b83cf1c93c1fc739ea04057c4fde4a2a0cbc42656d,/Users/kaluozheng/Music-Player-Investigation/SongBase/SongResources/Beluga - Men I Trust.mp3,hard-link
14,qq:000SVpD03mWgWV,Better Not,Louis the child,Electronic,Better Not - Louis the child.mp3,5355692,d017400b830e8da889a55f475f5e32707db5e9ae96e3a0c9f0fd5d10592a4c1b,/Users/kaluozheng/Music-Player-Investigation/SongBase/SongResources/Better Not - Louis the child.mp3,hard-link
15,qq:002qIVN52Tm5YO,Breakfast in Bed,Stephanie Poetri,Hip-Hop / R&B,Breakfast in Bed - Stephanie Poetri.mp3,3972716,8fa9021359773a7acfdb8fb852c4f184d16a388f6a9cc4e691bc4bc526571bca,/Users/kaluozheng/Music-Player-Investigation/SongBase/SongResources/Breakfast in Bed - Stephanie Poetri.mp3,hard-link
16,qq:002sKDBw3DA6qS,Bubble,Shii,Electronic,Bubble - Shii.mp3,5639084,ce5173beb16c2438a95d9c98fed6644ea614cf4fd8cec13f813e33606f650c18,/Users/kaluozheng/Music-Player-Investigation/SongBase/SongResources/Bubble - Shii.mp3,hard-link
17,qq:001vTstF0ysG5Y,calm,Jizue,Jazz / Soul,calm - Jizue.mp3,5792300,deacf18e88e390ff56d15029d1cee01a4b50b7391b4b14a8eb11f75430f7116f,/Users/kaluozheng/Music-Player-Investigation/SongBase/SongResources/calm - Jizue.mp3,hard-link
18,qq:0021aHvS043tc3,Casey Jones (with Dan Kelly of Fortunate Youth),"Roots of Creation, Grateful Dub, Fortunate Youth, Brett Wilson, Dan Kelly",Rock / Alternative,Casey Jones (with Dan Kelly of Fortunate Youth) - Roots of Creation.mp3,6083756,ca4f3dde807e07c09d578923cfe9f48df0fa1e179c40be211f715a6c8670a2c4,/Users/kaluozheng/Music-Player-Investigation/SongBase/SongResources/Casey Jones (with Dan Kelly of Fortunate Youth) - Roots of Creation.mp3,hard-link
19,qq:003A8alL2s4fYr,Charlie,loscil,Electronic,Charlie - Loscil.mp3,12705452,515f6fdc2bd0a0c03fe79b92f6c8a1421c85a6a2c38463ed7b1a3520aa5a77ae,/Users/kaluozheng/Music-Player-Investigation/SongBase/SongResources/Charlie - Loscil.mp3,hard-link
20,qq:001qJQUW4T2OxJ,Chinook,loscil,Electronic,Chinook - Loscil.mp3,10011500,32bd094903f0b621956d13442739225ac4bacc4e373eb404b232dc5888d18f30,/Users/kaluozheng/Music-Player-Investigation/SongBase/SongResources/Chinook - Loscil.mp3,hard-link
21,qq:002RCx9q4Yctzc,cider cider,ミツメ,Rock / Alternative,cider cider - ミツメ.mp3,9317805,400af6b3437985e4eeefb4848c855869fedde92d90b10668231f97dd6e6d87a9,/Users/kaluozheng/Music-Player-Investigation/SongBase/SongResources/cider cider - ミツメ.mp3,hard-link
22,qq:000afH2Z0gIzbI,Cold Cold Cold,Cage The Elephant,Rock / Alternative,Cold Cold Cold - Cage The Elephant.mp3,6884396,18376e7375bf4ba959c96e1a084e602467faf045a478cae4a5d2265d7fa308f7,/Users/kaluozheng/Music-Player-Investigation/SongBase/SongResources/Cold Cold Cold - Cage The Elephant.mp3,hard-link
23,qq:002noXCB1eAXKw,Cool with You,Her's,Hip-Hop / R&B,Cool with You - Her's.mp3,15054932,291b9e16837c103265c32514891c6f574b929320a526797801d986a33151d468,/Users/kaluozheng/Music-Player-Investigation/SongBase/SongResources/Cool with You - Her's.mp3,hard-link
24,qq:003yoh8G2Tr08k,Currently,Keaton Simons,Folk / Singer-Songwriter,Currently - Keaton Simons.mp3,4512428,55efe089a7b4fb97e9b47c53026df69442d0e40793686355119e62ce7ee2f8f9,/Users/kaluozheng/Music-Player-Investigation/SongBase/SongResources/Currently - Keaton Simons.mp3,hard-link
25,qq:001F06id4BjbVK,Dance PM,Hiroshi Yoshimura,Ambient / Neo-Classical,Dance PM - Hiroshi Yoshimura.mp3,9417068,e1f0f225ab809b5a57e02f02ab02505d46dabfbeeb4979b05407065de8ec299b,/Users/kaluozheng/Music-Player-Investigation/SongBase/SongResources/Dance PM - Hiroshi Yoshimura.mp3,hard-link
26,qq:001hV6EB2N40sV,Dazed,Kiasmos,Electronic,Dazed - Kiasmos.mp3,7377452,2bee7d4df5b3bc1e68785edbe30c42ac01242a3b4a544d235f68cf573ea9a360,/Users/kaluozheng/Music-Player-Investigation/SongBase/SongResources/Dazed - Kiasmos.mp3,hard-link
27,qq:001Iwy7u4DfDMO,Dial Drunk,"Noah Kahan, Post Malone",Folk / Singer-Songwriter,"Dial Drunk - Noah Kahan, Post Malone.mp3",8574475,9be5fca4f60f1bc5c5fff950dfb80207e689cd7b7928abc380d4ac606c47a593,"/Users/kaluozheng/Music-Player-Investigation/SongBase/SongResources/Dial Drunk - Noah Kahan, Post Malone.mp3",hard-link
28,qq:003AYAxq3Yx3Sk,Don't Throw Out My Legos,AJR,Rock / Alternative,Don't Throw Out My Legos - AJR.mp3,6028460,4ec08989ac340d486936d54ceee761c2a60ea1f2ef6829c434a3981ccc582773,/Users/kaluozheng/Music-Player-Investigation/SongBase/SongResources/Don't Throw Out My Legos - AJR.mp3,hard-link
29,qq:001ampuH1DuCNn,Driftless,Vansire,Rock / Alternative,Driftless - Vansire.mp3,4860332,abb9689ad6bff050f5c8193cfa613438b6c348d26edd119302acc0f5bc5e6323,/Users/kaluozheng/Music-Player-Investigation/SongBase/SongResources/Driftless - Vansire.mp3,hard-link
30,qq:001lhAQI4f6cNP,earthly things,Kiefer,Electronic,earthly things - Kiefer.mp3,7302572,cb4e48386231e77116ac323c43546884be03566648074400e0f4af1286a16201,/Users/kaluozheng/Music-Player-Investigation/SongBase/SongResources/earthly things - Kiefer.mp3,hard-link
31,qq:002N8yWT2bsLEo,epitaph,Hippo Campus,Rock / Alternative,epitaph - Hippo Campus.mp3,6139052,2313cf3f28fa20579a5df83a16c9cf8cf0e652b7c6d9136811f30b6591abd794,/Users/kaluozheng/Music-Player-Investigation/SongBase/SongResources/epitaph - Hippo Campus.mp3,hard-link
32,qq:000bsRbI1klVq2,Eternity Is the Wait Between Breaths,Múm,Electronic,Eternity Is the Wait Between Breaths - Múm.mp3,10484549,8761617f82559e8b4c7c92af9602f22b591749a33b4cac6dfba9b4c484fd2d61,/Users/kaluozheng/Music-Player-Investigation/SongBase/SongResources/Eternity Is the Wait Between Breaths - Múm.mp3,hard-link
33,qq:000RWoin1VaFrM,For Years And Years,Helios,Ambient / Neo-Classical,For Years And Years - Helios.mp3,8001836,5eebd1fc4d88f9b966f69f47145f5c6f657d0ffc82068a213d9475f4cd0214ae,/Users/kaluozheng/Music-Player-Investigation/SongBase/SongResources/For Years And Years - Helios.mp3,hard-link
34,qq:001rUTb41aYbkb,Go!,Public Service Broadcasting,Rock / Alternative,Go! - Public Service Broadcasting.mp3,10134764,e05b1a99cccdc9592c9b4f1ae3324a3cfbeaf8821d601b6a199608835550bd69,/Users/kaluozheng/Music-Player-Investigation/SongBase/SongResources/Go! - Public Service Broadcasting.mp3,hard-link
35,qq:002hAWBS4dusFj,Golden Hour,Matthew Pinder,Folk / Singer-Songwriter,Golden Hour - Matthew Pinder.mp3,5046380,6885f8d9feb18a9845f5372ab4127cd34d64528115511a277467d836bb084aba,/Users/kaluozheng/Music-Player-Investigation/SongBase/SongResources/Golden Hour - Matthew Pinder.mp3,hard-link
36,qq:003jU74h1iNPXR,Gone,"Ye (侃爷), Consequence, Cam'Ron",Hip-Hop / R&B,"Gone - Ye (侃爷), Consequence, Cam'Ron.mp3",13366377,afb77fc54ca63f1b49f9d9e8012865566d6b767d24697251b1678c1d5cc4c269,"/Users/kaluozheng/Music-Player-Investigation/SongBase/SongResources/Gone - Ye (侃爷), Consequence, Cam'Ron.mp3",hard-link
37,qq:000y5eux2Eh95k,Grown,Kiasmos,Electronic,Grown - Kiasmos.mp3,10176236,254947db39d6f21a7e72188ce5dd00f14b67d547975f008121a98b48a83e5fe0,/Users/kaluozheng/Music-Player-Investigation/SongBase/SongResources/Grown - Kiasmos.mp3,hard-link
38,qq:003fysuC4UQG1t,Halves and Quarters,Guantanamo Bay Surf Club,Folk / Singer-Songwriter,Halves and Quarters - Guantanamo Bay Surf Club.mp3,6784748,adc92838b4abc530d921394b19b3178d7370e54e5343f7463a17cde728ebb561,/Users/kaluozheng/Music-Player-Investigation/SongBase/SongResources/Halves and Quarters - Guantanamo Bay Surf Club.mp3,hard-link
39,qq:001ZSv5K4dsL2D,Hard Drive,Cassandra Jenkins,Folk / Singer-Songwriter,Hard Drive - Cassandra Jenkins.mp3,7859564,7f85b41bc6202a6639a1c5dcaa04e5e0c2b1feb02ede7c241d7d0327c733628a,/Users/kaluozheng/Music-Player-Investigation/SongBase/SongResources/Hard Drive - Cassandra Jenkins.mp3,hard-link
40,qq:000fIw570xGAcx,Held,"Kiasmos, Dauwd",Electronic,"Held - Kiasmos, Dauwd.mp3",14536364,0dfa3ad2b6528a650a6603e24250cced13044b749bc34163c3e55cf4512b8d62,"/Users/kaluozheng/Music-Player-Investigation/SongBase/SongResources/Held - Kiasmos, Dauwd.mp3",hard-link
41,qq:000vZ5D71hNm8f,Hello,Hania Rani,Ambient / Neo-Classical,Hello - Hania Rani.mp3,7398188,104bfd33fab0a20f9c0b71ea7e8e61aeb755918fadee003d6516eb99fa52596c,/Users/kaluozheng/Music-Player-Investigation/SongBase/SongResources/Hello - Hania Rani.mp3,hard-link
42,qq:004OgceD3KMocG,Hold Me Up (Thank You),Khruangbin,Rock / Alternative,Hold Me Up (Thank You) - Khruangbin.mp3,9191085,12c515c70ecf67d996ae91a45773323078e9fb354af5a5722d1a5eb21e5f0df1,/Users/kaluozheng/Music-Player-Investigation/SongBase/SongResources/Hold Me Up (Thank You) - Khruangbin.mp3,hard-link
43,qq:001cwnOY12PLO3,Hourglass,Gowe,Hip-Hop / R&B,Hourglass - Gowe.mp3,5317676,a5000ef969f9b27724def5ea97d8b5d7edf865eff1da47188a1a55e235a71145,/Users/kaluozheng/Music-Player-Investigation/SongBase/SongResources/Hourglass - Gowe.mp3,hard-link
44,qq:002VuT6s3MSogf,i love my friends,Kiefer,Electronic,i love my friends - Kiefer.mp3,10136684,0c2f5d3191ddb7689a53c0c2d59d6b5967bce59c9022cf611f667d861f9eb88b,/Users/kaluozheng/Music-Player-Investigation/SongBase/SongResources/i love my friends - Kiefer.mp3,hard-link
45,qq:000Baz273t5aAE,I'll Never Find Your Soul,Hania Rani,Ambient / Neo-Classical,I'll Never Find Your Soul - Hania Rani.mp3,4942700,22a20e11629315f81b5d348db75a630488513c653efd1a2697994e30d8d0f78d,/Users/kaluozheng/Music-Player-Investigation/SongBase/SongResources/I'll Never Find Your Soul - Hania Rani.mp3,hard-link
46,qq:0049u22W3RH5uq,iam POD (0%),青葉市子,Folk / Singer-Songwriter,iam POD (0%) - 青葉市子.mp3,13367085,2b1deb3f1ea33ec61605682b0618696a079f73d01f98a61f065a248c80869f84,/Users/kaluozheng/Music-Player-Investigation/SongBase/SongResources/iam POD (0%) - 青葉市子.mp3,hard-link
47,qq:002X0G2u48tm96,In the Aeroplane over the Sea,Neutral Milk Hotel,Folk / Singer-Songwriter,In the Aeroplane over the Sea - Neutral Milk Hotel.mp3,4858028,ed1672539c373efc4766338c5355a611afe5335c424179ecdae6f9c9e9dba588,/Users/kaluozheng/Music-Player-Investigation/SongBase/SongResources/In the Aeroplane over the Sea - Neutral Milk Hotel.mp3,hard-link
48,qq:000zFOEV3jMZht,In Your Room,Airiel,Rock / Alternative,In Your Room - Airiel.mp3,13602860,abed14c31f06604a6225bae6b1200cd07acf701932de1a81dd4778633bb33121,/Users/kaluozheng/Music-Player-Investigation/SongBase/SongResources/In Your Room - Airiel.mp3,hard-link
49,qq:001DB1dG0NfAJt,Juegos y Nubes,Khruangbin,Rock / Alternative,Juegos y Nubes - Khruangbin.mp3,2981996,8309e481c2b8bc76dd404b85d0538824ef0dff8fc471246809014ad5461c6096,/Users/kaluozheng/Music-Player-Investigation/SongBase/SongResources/Juegos y Nubes - Khruangbin.mp3,hard-link
50,qq:001BkTD63Ydwc9,Kamaloka,GoGo Penguin,Jazz / Soul,Kamaloka - GoGo Penguin.mp3,12862737,d9b820312b2bd2dde321583348eda0918a4c30b9e7a4ff06fcba513b2eca2d77,/Users/kaluozheng/Music-Player-Investigation/SongBase/SongResources/Kamaloka - GoGo Penguin.mp3,hard-link
51,qq:000787A00NmJf7,Lights,Josh Ritter,Folk / Singer-Songwriter,Lights - Josh Ritter.mp3,5813612,de1e44b1b8ee86a1a0be353ec3f1a5250738d67cea0a79ba6d1278023877dce7,/Users/kaluozheng/Music-Player-Investigation/SongBase/SongResources/Lights - Josh Ritter.mp3,hard-link
52,qq:000ptk9A4CbbQN,Little Nerves,"Binkbeats, Niels Broos",Electronic,Little Nerves - Binkbeats.mp3,10238444,4ba16f153011ff663134e9413ab7afd6f7d54e95bd0b59d20f903e56e398a89a,/Users/kaluozheng/Music-Player-Investigation/SongBase/SongResources/Little Nerves - Binkbeats.mp3,hard-link
53,qq:000CkyJi0yJSXv,Local Paradise,Parker,Rock / Alternative,Local Paradise - Parker.mp3,4727852,eb5ad1e0d17e97b9b67230ca13e8b26960b6ef8adb140e87c42b3a5f16fd0197,/Users/kaluozheng/Music-Player-Investigation/SongBase/SongResources/Local Paradise - Parker.mp3,hard-link
54,qq:002qPi590D694I,Lorge,El Ten Eleven,Post-Rock / Cinematic,Lorge - El Ten Eleven.mp3,9485805,70d6f2667be1769fa393ff720a61dcd6b8c6639d86dbeabf952cbf0951c2a2a2,/Users/kaluozheng/Music-Player-Investigation/SongBase/SongResources/Lorge - El Ten Eleven.mp3,hard-link
55,qq:001ND8AM3qk04M,Lost In The Light,Bahamas,Folk / Singer-Songwriter,Lost In The Light - Bahamas.mp3,5675372,8dadffe43031351e82467e8d05e488b3a180c85f00fa404281f820eb6b444796,/Users/kaluozheng/Music-Player-Investigation/SongBase/SongResources/Lost In The Light - Bahamas.mp3,hard-link
56,qq:001eH1XX47e8LW,Memoria,haruka nakamura,Ambient / Neo-Classical,Memoria - 中村遥.mp3,4182956,d230e749cf66c1280c76a251f9bcd3e731cb210564fda91db88dc4dbddd58918,/Users/kaluozheng/Music-Player-Investigation/SongBase/SongResources/Memoria - 中村遥.mp3,hard-link
57,qq:004ffZnA2EOnUC,MOON NIGHT,I Don't Like Mondays.,Rock / Alternative,MOON NIGHT - I Don't Like Mondays..mp3,4708268,1586505b1b8d2ffee7874e2754035d31c4de7bf2f7661a7f281283e49f243463,/Users/kaluozheng/Music-Player-Investigation/SongBase/SongResources/MOON NIGHT - I Don't Like Mondays..mp3,hard-link
58,qq:001C5UC21oYgri,My Lover Lies Under,Cherry Ghost,Folk / Singer-Songwriter,My Lover Lies Under - Cherry Ghost.mp3,5215724,de91ecde75523d18623036d6bfb100e47f75cb21ab25712c7ef34891879c0ddf,/Users/kaluozheng/Music-Player-Investigation/SongBase/SongResources/My Lover Lies Under - Cherry Ghost.mp3,hard-link
59,qq:001Iu7gC0qaWQ5,Never Been Better,"Ben Abraham, corook",Folk / Singer-Songwriter,"Never Been Better - Ben Abraham, corook.mp3",7929644,b824adaa0ca469252a9af319f9500325d12cc5bde9bc2770866526dad6456819,"/Users/kaluozheng/Music-Player-Investigation/SongBase/SongResources/Never Been Better - Ben Abraham, corook.mp3",hard-link
60,qq:000HaICk25YWHO,Nighttime,Re:Plus,Hip-Hop / R&B,Nighttime - RePlus.mp3,5838380,af89eb0e859fbd7c9feb851f5926793368f289268b15ded260a3dfdf64352bb1,/Users/kaluozheng/Music-Player-Investigation/SongBase/SongResources/Nighttime - RePlus.mp3,hard-link
61,qq:000ZjXv33PGxp3,One,Sleeping At Last,Folk / Singer-Songwriter,One - Sleeping At Last.mp3,6630380,49b618c2bf21b79423ff30b79a162d5311b086f968e082f0bd90de81ff4ca940,/Users/kaluozheng/Music-Player-Investigation/SongBase/SongResources/One - Sleeping At Last.mp3,hard-link
62,qq:0003bhiI36bD4h,One Dream feat. Sam Ock,"Re:Plus, Sam Ock",Hip-Hop / R&B,One Dream feat. Sam Ock - RePlus.mp3,5883308,48722c6d37bdd50717bdd9614974ca18e49ae34211470bbae26d1cb0f1ac8d6a,/Users/kaluozheng/Music-Player-Investigation/SongBase/SongResources/One Dream feat. Sam Ock - RePlus.mp3,hard-link
63,qq:004KWxyl19oG2x,Ophelia,The Lumineers,Folk / Singer-Songwriter,Ophelia - The Lumineers.mp3,3892652,0f39a2cf577aeb19577a6ea7e0cb12b9175d94fd82f9402aec0fd058d59f86ee,/Users/kaluozheng/Music-Player-Investigation/SongBase/SongResources/Ophelia - The Lumineers.mp3,hard-link
64,qq:004STzKW3c183N,Paranoid Android,El Ten Eleven,Post-Rock / Cinematic,Paranoid Android - El Ten Eleven.mp3,5477805,06a53d9c0e1dfa547f24a40161acee7b05b9fb59686ad2f4707d4c82a8a1a3b8,/Users/kaluozheng/Music-Player-Investigation/SongBase/SongResources/Paranoid Android - El Ten Eleven.mp3,hard-link
65,qq:003gCbmt4TcRrj,Peace,Chon,Post-Rock / Cinematic,Peace - Chon.mp3,8525365,f66a8cb85fe5c93af42fe2c05f18b93e1b826fa9d77751bfc22f70eb6ec7038a,/Users/kaluozheng/Music-Player-Investigation/SongBase/SongResources/Peace - Chon.mp3,hard-link
66,qq:002GQ1850FM6L9,Plantago Fengdouensis,Shii,Electronic,Plantago Fengdouensis - Shii.mp3,4882796,474d10a0493ca626f3fb11935d784085ce57317f2f6d897182c6f22067f16c94,/Users/kaluozheng/Music-Player-Investigation/SongBase/SongResources/Plantago Fengdouensis - Shii.mp3,hard-link
67,qq:001Kkllt3ZWunf,roses & sunflowers,Timmy Albert,Folk / Singer-Songwriter,roses & sunflowers - Timmy Albert.mp3,4994540,6b6ae17e203a0c1ad278355d6b602a7e907f50efb130631cd56c1e87de33a738,/Users/kaluozheng/Music-Player-Investigation/SongBase/SongResources/roses & sunflowers - Timmy Albert.mp3,hard-link
68,qq:001edrrD1WZDDl,Rust inside,惘闻,Post-Rock / Cinematic,Rust inside - 惘闻.mp3,20524973,97917443a1c52ddf41d8bb6aa10682475d44b457f422f6929d5b47005c038d76,/Users/kaluozheng/Music-Player-Investigation/SongBase/SongResources/Rust inside - 惘闻.mp3,hard-link
69,qq:000fT9N931nfbb,Saturnine,GoGo Penguin,Post-Rock / Cinematic,Saturnine - GoGo Penguin.mp3,7040492,92497f1d00059fc5570ba4ab4cb6f530ff0538fcae7c22f3854e8344db41b934,/Users/kaluozheng/Music-Player-Investigation/SongBase/SongResources/Saturnine - GoGo Penguin.mp3,hard-link
70,qq:003Uil5o4QR5Bg,SHEEP,Hiroshi Yoshimura,Electronic,SHEEP - Hiroshi Yoshimura.mp3,7673516,11b68a3700a330b19cda0e5a825af6a17a62f3a6e9f48a036614664f26d73a15,/Users/kaluozheng/Music-Player-Investigation/SongBase/SongResources/SHEEP - Hiroshi Yoshimura.mp3,hard-link
71,qq:004MW3K31ntIbj,Siesta Freestyle,"Lewis OfMan, Alicia te quiero",Hip-Hop / R&B,Siesta Freestyle - Lewis OfMan.mp3,4656428,0e74ff02cfc058b746976d901bcd5061393f2a58ab707d1f04c2fcfcd2ad9991,/Users/kaluozheng/Music-Player-Investigation/SongBase/SongResources/Siesta Freestyle - Lewis OfMan.mp3,hard-link
72,qq:0015AcHz3i1JOR,Silhouette,Ax and the Hatchetmen,Rock / Alternative,Silhouette - Ax and the Hatchetmen.mp3,5940908,fc857636ce653fa87b20728f2b4fb88f482932ca18da53cbe56d163fc0ccc67a,/Users/kaluozheng/Music-Player-Investigation/SongBase/SongResources/Silhouette - Ax and the Hatchetmen.mp3,hard-link
73,qq:001I2LuN0X9HCE,Soulmate,April Rain,Post-Rock / Cinematic,Soulmate - April Rain.mp3,9125036,3993a3ca39ce95ba4905980bf6e7b5b34ac9954c173a47a39469ca30a5e6db80,/Users/kaluozheng/Music-Player-Investigation/SongBase/SongResources/Soulmate - April Rain.mp3,hard-link
74,qq:003ksCiR3KCvgT,Step,羊文学,Rock / Alternative,Step - 羊文学.mp3,13526444,c72077779ac66049af7a6c604328bc00d832e35eb8639b70bf542683b1ee9066,/Users/kaluozheng/Music-Player-Investigation/SongBase/SongResources/Step - 羊文学.mp3,hard-link
75,qq:002LPSzH3j4F4P,Summer Lovin',The Tuesday Crew,Folk / Singer-Songwriter,Summer Lovin' - The Tuesday Crew.mp3,5791148,686bf73037312309fd3a9f4b861019b6db78f857398eec489d99d086b6922cc1,/Users/kaluozheng/Music-Player-Investigation/SongBase/SongResources/Summer Lovin' - The Tuesday Crew.mp3,hard-link
76,qq:000BKhUC3KCJeq,Swashers,Yosi Horikawa,Electronic,Swashers - Yosi Horikawa.mp3,8125676,a581f64536c054ac268c65160cd96038431dab66cbd28f53e72fd406bcb2da7f,/Users/kaluozheng/Music-Player-Investigation/SongBase/SongResources/Swashers - Yosi Horikawa.mp3,hard-link
77,qq:004ar1DP0Wxs4k,Swelling Time,The Shanghai Restoration Project,Electronic,Swelling Time - The Shanghai Restoration Project.mp3,5089580,4a6d129a318dba32f202320402a69f5990a757c089e426923a2131eecef8f5a8,/Users/kaluozheng/Music-Player-Investigation/SongBase/SongResources/Swelling Time - The Shanghai Restoration Project.mp3,hard-link
78,qq:004PjgwB2XKeUD,Swimming in Purple Clouds,The Shanghai Restoration Project,Electronic,Swimming in Purple Clouds - The Shanghai Restoration Project.mp3,6161516,eb36ad7e390607bc43ae9905f38f35149f8e095258c099d973ea779db12902b6,/Users/kaluozheng/Music-Player-Investigation/SongBase/SongResources/Swimming in Purple Clouds - The Shanghai Restoration Project.mp3,hard-link
79,qq:001wyhYY1tHbNB,Telescope,Cage The Elephant,Rock / Alternative,Telescope - Cage The Elephant.mp3,5480684,0b4fc596cbbe678ad881ea6244b2bbfffa06d38dc80a97ec2c9a78d94869d813,/Users/kaluozheng/Music-Player-Investigation/SongBase/SongResources/Telescope - Cage The Elephant.mp3,hard-link
80,qq:002BeZOd316Pe0,The Adults Are Talking,The Strokes,Rock / Alternative,The Adults Are Talking - The Strokes.mp3,6891308,48a378e03533afe4d87b73dfe348c2ebca05ec6aa5c7854fa007b292187ad571,/Users/kaluozheng/Music-Player-Investigation/SongBase/SongResources/The Adults Are Talking - The Strokes.mp3,hard-link
81,qq:000AwgE24Vgorp,To the East Coast,Kaishandao,Electronic,To the East Coast - Kaishandao.mp3,8524268,9188519a9e615e9cb626ac7bc412836b6dc919c23f33572e8cca100390bd8e23,/Users/kaluozheng/Music-Player-Investigation/SongBase/SongResources/To the East Coast - Kaishandao.mp3,hard-link
82,qq:0027zyxJ0ePes3,Told,Kiasmos,Electronic,Told - Kiasmos.mp3,8153324,ee696b0ac9329bbef9a37f6622cc4cddae912ebaa57b48334a920ac5c1ff4158,/Users/kaluozheng/Music-Player-Investigation/SongBase/SongResources/Told - Kiasmos.mp3,hard-link
83,qq:001BOd8C1F9Et5,Umbrella,I Don't Like Mondays.,Rock / Alternative,Umbrella - I Don't Like Mondays..mp3,5184044,aa46d7cb30f78d915ed9bcf10034680adbe698c97e156671e2b6ab2a48182304,/Users/kaluozheng/Music-Player-Investigation/SongBase/SongResources/Umbrella - I Don't Like Mondays..mp3,hard-link
84,qq:002AiKtr014bQV,What Once Was,Her's,Rock / Alternative,What Once Was - Her's.mp3,10222279,c867151b62c609679dc53f47218287c006fe73d4bc56dfce08606cce6d2c9ef3,/Users/kaluozheng/Music-Player-Investigation/SongBase/SongResources/What Once Was - Her's.mp3,hard-link
85,qq:003loUg33SsE5P,Zero,Imagine Dragons,Rock / Alternative,Zero - Imagine Dragons.mp3,8455724,4e1df587f30e3d44b8b27a61e0745fa4c38aeaab36d72978e3d5a5d7582ac1cc,/Users/kaluozheng/Music-Player-Investigation/SongBase/SongResources/Zero - Imagine Dragons.mp3,hard-link
86,qq:000jpsVp0nqcSw,いきのこり●ぼくら,青葉市子,Folk / Singer-Songwriter,いきのこり●ぼくら - 青葉市子.mp3,16267245,c8c4f1b54d366018d36ae25fa0a448c7d5f283d8534a88745e27ea57aabe6a1b,/Users/kaluozheng/Music-Player-Investigation/SongBase/SongResources/いきのこり●ぼくら - 青葉市子.mp3,hard-link
87,qq:00121f760v5gN3,わたしのうた,ラブリーサマーちゃん,Folk / Singer-Songwriter,わたしのうた - ラブリーサマーちゃん.mp3,16701164,f8f72e791f6232df949d97bd9d11c06c76adf16176f1ae999fa09754d53172bf,/Users/kaluozheng/Music-Player-Investigation/SongBase/SongResources/わたしのうた - ラブリーサマーちゃん.mp3,hard-link
88,qq:000RMp580QOCBV,召唤,朴树,Folk / Singer-Songwriter,召唤 - 朴树.mp3,13354604,ab5e6c75b956aa534521143cc7d4ada632cdf38003753b87c8dfbc5096d07e35,/Users/kaluozheng/Music-Player-Investigation/SongBase/SongResources/召唤 - 朴树.mp3,hard-link
89,qq:000H6MPp1yL4tP,回転・天使,betcover!!,Rock / Alternative,回転・天使 - betcover!!.mp3,8174636,55eb770bbb9129f870652b138ae5e3c760f68422ca9d96c085bb8344e28de98e,/Users/kaluozheng/Music-Player-Investigation/SongBase/SongResources/回転・天使 - betcover!!.mp3,hard-link
90,qq:001PSEvr3fGPwu,夕凪,羊文学,Rock / Alternative,夕凪 - 羊文学.mp3,14280044,61b1f1fee1298651e89f73637477f9adc45978a28aca7c2c29b9015adfa8e831,/Users/kaluozheng/Music-Player-Investigation/SongBase/SongResources/夕凪 - 羊文学.mp3,hard-link
91,qq:003agrX73jEW1g,夜班车,Allenvave,Hip-Hop / R&B,夜班车 - Allenvave.mp3,7810604,7ba1a5cb651dbd4a328dfd5c0ccb80ef5173fe8cb5d80cea5cb892ce589ef965,/Users/kaluozheng/Music-Player-Investigation/SongBase/SongResources/夜班车 - Allenvave.mp3,hard-link
92,qq:003tUeWx0Eh9LX,懒得去管,孙燕姿,Folk / Singer-Songwriter,懒得去管 - 孙燕姿.mp3,9817904,fc7df480a61433606b0eec07f151e4dbb36e76d2f3822ceef579e8effd6410e7,/Users/kaluozheng/Music-Player-Investigation/SongBase/SongResources/懒得去管 - 孙燕姿.mp3,hard-link
93,qq:0039Wfzs02rtu6,我,超级市场,Electronic,我 - 超级市场.mp3,9265580,2faf9c0d7ec99ba7891b127d47a9df7848bf8763920197322850f9b2786ec6c9,/Users/kaluozheng/Music-Player-Investigation/SongBase/SongResources/我 - 超级市场.mp3,hard-link
94,qq:001ly1ww3DYheR,日の出,kanekoayano,Rock / Alternative,日の出 - kanekoayano.mp3,6960044,251b7e1aabfcdbdd03754ef6a9cb988037f06847fbb00a1a229d2b82dc91577f,/Users/kaluozheng/Music-Player-Investigation/SongBase/SongResources/日の出 - kanekoayano.mp3,hard-link
95,qq:0045qBlS24pkhK,河,Before the Sunrise,Post-Rock / Cinematic,河 - Before the Sunrise.mp3,13423847,7bf930e98a5007f29deed3b1e227a8c25b058c4270d11dfe61f6e96522f1b497,/Users/kaluozheng/Music-Player-Investigation/SongBase/SongResources/河 - Before the Sunrise.mp3,hard-link
96,qq:003Uz0BI0jM7I7,波よせて,clammbon,Folk / Singer-Songwriter,波よせて - clammbon.mp3,7417196,560287b8f4ce5d0bd4dcb3d0f3aada4e779dc086d705e6e07c39ab0afdeeb2b9,/Users/kaluozheng/Music-Player-Investigation/SongBase/SongResources/波よせて - clammbon.mp3,hard-link
97,qq:003sNL1q2TytB7,滴いっぱいの記憶,平沢進,Electronic,滴いっぱいの記憶 - 平沢進.mp3,11115885,d9dc3e95fb8b5007b63e4a098de69ab3b491af6727304f152627d8774ecaca8c,/Users/kaluozheng/Music-Player-Investigation/SongBase/SongResources/滴いっぱいの記憶 - 平沢進.mp3,hard-link
98,qq:001ApxMS0O2X0f,祝你开心,孙燕姿,Folk / Singer-Songwriter,祝你开心 - 孙燕姿.mp3,9337251,2c162b9e22d0d20292b2a9035253bf8649f615245eb3a2975a2002aad2954ee8,/Users/kaluozheng/Music-Player-Investigation/SongBase/SongResources/祝你开心 - 孙燕姿.mp3,hard-link
99,qq:0048E3sy3D8Svy,穿过火焰,花伦,Post-Rock / Cinematic,穿过火焰 - 花伦.mp3,6156581,a682f2a5e4fc73207b08efaa441fa362412862ce779b36a4abc000412c22684f,/Users/kaluozheng/Music-Player-Investigation/SongBase/SongResources/穿过火焰 - 花伦.mp3,hard-link
100,qq:0011rQvB2ui3qk,腕の中でしか眠れない猫のように,カネコアヤノ,Folk / Singer-Songwriter,腕の中でしか眠れない猫のように - カネコアヤノ.mp3,5720300,fb6cc46871323d9626ced40a86ad794ac7fb1a96ab6641fd3f554502dc627c29,/Users/kaluozheng/Music-Player-Investigation/SongBase/SongResources/腕の中でしか眠れない猫のように - カネコアヤノ.mp3,hard-link
