order,track_id,title,artist,genre,filename,sample_role,source_batch,gap_before,in_catalog,file_size,sha256,source_path,storage
1,qq:000fOF2L4DQBCn,10 Years Ago,FKJ,Jazz / Soul,10 Years Ago - FKJ.mp3,new,,Flow衔接 + ZMPD,True,4807340,b67b2f08c97e17d7cc7128324525f94d86ea0c406f6255712280d746dc5d02a8,/Users/kaluozheng/Music-Player-Investigation/SongBase/SongResources/10 Years Ago - FKJ.mp3,hard-link
2,qq:000TwCQn1LrW4g,3+1,Hotel New Tokyo,Post-Rock / Cinematic,3+1 - Hotel New Tokyo.mp3,new,,ZMPD,False,6730028,059ac5091c17ba642abc68f5bbe36c1d3dbc55b95cfb82bafe5cf3291b956809,/Users/kaluozheng/Music-Player-Investigation/SongBase/SongResources/3+1 - Hotel New Tokyo.mp3,hard-link
3,qq:001nzNs10VvmEX,A Fall and Rebirth,Re:Plus,Hip-Hop / R&B,A Fall and Rebirth - RePlus.mp3,new,,Flow衔接 + ZMPD,True,7445420,586c220d4a185d5d3c1482286f957d272a6c01f448818353f0e471156ccc12b7,/Users/kaluozheng/Music-Player-Investigation/SongBase/SongResources/A Fall and Rebirth - RePlus.mp3,hard-link
4,qq:000ekTEC3YDp0W,A Love International,Khruangbin,Rock / Alternative,A Love International - Khruangbin.mp3,new,,Flow衔接 + ZMPD,True,10230765,652d99ce85e224428fc3cbce2c3edf562161f6b65baf8a9ddb2f580e9db09828,/Users/kaluozheng/Music-Player-Investigation/SongBase/SongResources/A Love International - Khruangbin.mp3,hard-link
5,qq:004CSmOC3eunxe,Akumu,iwamizu,Hip-Hop / R&B,Akumu - iwamizu.mp3,new,,Flow衔接 + ZMPD,True,4436396,3cd6585063cd94bd16c8fea37b515a3275575f3b020c937c5b4a56b7106ce4c2,/Users/kaluozheng/Music-Player-Investigation/SongBase/SongResources/Akumu - iwamizu.mp3,hard-link
6,qq:001kDHTp1XwKpK,An Unbroken Thread of Awareness,GoGo Penguin,Jazz / Soul,An Unbroken Thread of Awareness - GoGo Penguin.mp3,new,,Flow衔接 + ZMPD,True,4356332,87d7aad7e30b3c344dd6c0fb3689eb1df62ac7584a7e104c92090d1237116614,/Users/kaluozheng/Music-Player-Investigation/SongBase/SongResources/An Unbroken Thread of Awareness - GoGo Penguin.mp3,hard-link
7,qq:002NTeVk2qPYXS,Anthem,FKJ,Jazz / Soul,Anthem - FKJ.mp3,new,,Flow衔接 + ZMPD,True,3758444,75f1c93289150e689cbcd9744ceaa4e71d162d206133f7c4b16e7f81ad39aaf1,/Users/kaluozheng/Music-Player-Investigation/SongBase/SongResources/Anthem - FKJ.mp3,hard-link
8,qq:002sN3tZ0bn0xk,As Far As the Eye Can See,As The Stars Fall,Post-Rock / Cinematic,As Far As the Eye Can See - As The Stars Fall.mp3,new,,Flow衔接 + ZMPD,True,9730988,f8eefddf885bd9e742f7e3c287ee60476b70d0957ed53433efb0e8ae8487d8d9,/Users/kaluozheng/Music-Player-Investigation/SongBase/SongResources/As Far As the Eye Can See - As The Stars Fall.mp3,hard-link
9,qq:002OHwJy0LqkiC,Back,Flica,Ambient / Neo-Classical,Back - Flica.mp3,new,,Flow衔接 + ZMPD,True,6246764,fb6ae55b4d540379bd46f09430213f6373d90ac2ce267784d88fe2251d9a690b,/Users/kaluozheng/Music-Player-Investigation/SongBase/SongResources/Back - Flica.mp3,hard-link
10,qq:003yI3Ts3PekYt,Belle Âme (Piano),Jordan Critz,Ambient / Neo-Classical,Belle Âme (Piano) - Jordan Critz.mp3,new,,Flow衔接 + ZMPD,True,4153580,aa9afc5da6e39b7c4b013372d4f67276f348ee9c6790d82aa6bce8a7755804e9,/Users/kaluozheng/Music-Player-Investigation/SongBase/SongResources/Belle Âme (Piano) - Jordan Critz.mp3,hard-link
11,qq:001jmECw24Ua46,Better Distractions,Faye Webster,Folk / Singer-Songwriter,Better Distractions - Faye Webster.mp3,new,,Flow衔接 + ZMPD,False,5992748,e470c9bc3e3152d28cf7abe2ee8465b36a715915d2aab36294fe5f524cbd8cbf,/Users/kaluozheng/Music-Player-Investigation/SongBase/SongResources/Better Distractions - Faye Webster.mp3,hard-link
12,qq:004e0mqB1HOzFV,Black Spider,Mogwai,Post-Rock / Cinematic,Black Spider - Mogwai.mp3,new,,Flow衔接 + ZMPD,True,7482860,b3dd3f224394b3111b2c90030ad10d9fb1a30738432668d62df0cd4595bda5c7,/Users/kaluozheng/Music-Player-Investigation/SongBase/SongResources/Black Spider - Mogwai.mp3,hard-link
13,qq:000MbXwN10jhlK,Blink,Hiroshi Yoshimura,Ambient / Neo-Classical,Blink - Hiroshi Yoshimura.mp3,new,,Flow衔接 + ZMPD,True,6769772,85a47e8ec2315759a25f32b22499588d091c911e2aa16680a8082f91a78e94b3,/Users/kaluozheng/Music-Player-Investigation/SongBase/SongResources/Blink - Hiroshi Yoshimura.mp3,hard-link
14,qq:003Zzj2P3RLToh,Bound,Kiasmos,Electronic,Bound - Kiasmos.mp3,new,,Flow衔接 + ZMPD,True,15496365,be814dfb558288c47898602f066c7cc4221fe4a09ce7f1cbd334da7a6455b6b6,/Users/kaluozheng/Music-Player-Investigation/SongBase/SongResources/Bound - Kiasmos.mp3,hard-link
15,qq:000Ns51C1BsBPb,Burnt,"Kiasmos, Lubomyr Melnyk",Electronic,"Burnt - Kiasmos, Lubomyr Melnyk.mp3",new,,Flow衔接 + ZMPD,True,28872044,0d84ae102d29db6695b1b7f657e0b8a646303acb262f2472597264d456ab7eb4,"/Users/kaluozheng/Music-Player-Investigation/SongBase/SongResources/Burnt - Kiasmos, Lubomyr Melnyk.mp3",hard-link
16,qq:002EODbq0Fm7ZF,butterfly track,euphoria,Post-Rock / Cinematic,butterfly track - euphoria.mp3,new,,Flow衔接 + ZMPD,True,7056044,a962212f38bca500874eba3e3e76145085fafd8b4d613463d4928c2bec89b9b4,/Users/kaluozheng/Music-Player-Investigation/SongBase/SongResources/butterfly track - euphoria.mp3,hard-link
17,qq:0038TeYv49H4Dd,Ceiling Granny,Mogwai,Post-Rock / Cinematic,Ceiling Granny - Mogwai.mp3,new,,Flow衔接 + ZMPD,True,5656940,8c3a80efc5ac2cef980ae43d6dbff63508e20f094d59b298b24b6524225c88e9,/Users/kaluozheng/Music-Player-Investigation/SongBase/SongResources/Ceiling Granny - Mogwai.mp3,hard-link
18,qq:004XPWmk3aNhHk,Class Historian,Broncho,Rock / Alternative,Class Historian - Broncho.mp3,new,,Flow衔接 + ZMPD,False,5305004,96baa511ec3f927dd9612eefa06e299dfe176f90d86c60387b118134a7ed31eb,/Users/kaluozheng/Music-Player-Investigation/SongBase/SongResources/Class Historian - Broncho.mp3,hard-link
19,qq:0045rgSi36tNTs,Clement Danes,Goldmund,Ambient / Neo-Classical,Clement Danes - Goldmund.mp3,new,,Flow衔接 + ZMPD,True,6049196,5f9433f32df0aa84b05f5ef32bac7131ab54434d320a7e00ac66966a81cd2df3,/Users/kaluozheng/Music-Player-Investigation/SongBase/SongResources/Clement Danes - Goldmund.mp3,hard-link
20,qq:000WKy8A2xm6h7,Clouds,Hiroshi Yoshimura,Ambient / Neo-Classical,Clouds - Hiroshi Yoshimura.mp3,new,,Flow衔接 + ZMPD,True,8513900,0bb94a42563c18e0fa0ad61ac956d159c5b8c73f08839ae2bfdcb8c04ccabce6,/Users/kaluozheng/Music-Player-Investigation/SongBase/SongResources/Clouds - Hiroshi Yoshimura.mp3,hard-link
21,qq:001ecHJ5329vt6,Coast Off,Helios,Ambient / Neo-Classical,Coast Off - Helios.mp3,new,,Flow衔接 + ZMPD,True,7012844,5491d7aabb0d3f8a68973f94b851f691b0c289ea6ddecb55bb93e52ac4484f0e,/Users/kaluozheng/Music-Player-Investigation/SongBase/SongResources/Coast Off - Helios.mp3,hard-link
22,qq:003v6wLn07xLfm,Coasting,Alfa Mist,Jazz / Soul,Coasting - Alfa Mist.mp3,new,,Flow衔接 + ZMPD,True,6903980,18a1efd7bb16fa05cb67a2c26d2c12e6886a2cdc4f110664d12ebdac0472fec6,/Users/kaluozheng/Music-Player-Investigation/SongBase/SongResources/Coasting - Alfa Mist.mp3,hard-link
23,qq:000157T10Kf96g,Come Back Home,Hania Rani,Ambient / Neo-Classical,Come Back Home - Hania Rani.mp3,new,,Flow衔接 + ZMPD,True,6749612,951cae407415adccd6ca459384641cc59d8efdfbfc11c330a40cdd4890612f5a,/Users/kaluozheng/Music-Player-Investigation/SongBase/SongResources/Come Back Home - Hania Rani.mp3,hard-link
24,qq:0045JW534Q29tL,Dec.27,Re:Plus,Hip-Hop / R&B,Dec.27 - RePlus.mp3,new,,Flow衔接 + ZMPD,True,4770476,a8dfd79a21de7d24463794a85753a80df7693a8e8b7003e683cbf758f37fcdb5,/Users/kaluozheng/Music-Player-Investigation/SongBase/SongResources/Dec.27 - RePlus.mp3,hard-link
25,qq:002cBVub1Kncz5,Deep Breath,Paniyolo,Ambient / Neo-Classical,Deep Breath - Paniyolo.mp3,anchor,Flowset-个人审美样本-郑卡罗-2026-09-25.json,已标锚点,True,981548,7a889c73408c85f28ff7a31e2d9126ef9e3e1876749a661adb6155a543eff6b6,/Users/kaluozheng/Music-Player-Investigation/Flowset-个人审美打标-Demo/音乐第四波测试/Deep Breath - Paniyolo.mp3,hard-link
26,qq:001neLbY2J9GCJ,Distance,Fayzz,Post-Rock / Cinematic,Distance - Fayzz.mp3,anchor,Flowset-个人审美样本-郑卡罗-2026-07-16.json,已标锚点,True,5095855,57c93dd74e043bebe30512d5ef4a65a6b004a6df5becde61e8936eb3abed452f,/Users/kaluozheng/Music-Player-Investigation/Flowset-个人审美打标-Demo/音乐第一波测试/Distance - Fayzz.mp3,hard-link
27,qq:000kG02G0sNHnQ,Dorothy,Polo & Pan,Electronic,Dorothy - Polo & Pan.mp3,new,,Flow衔接 + ZMPD,False,12697643,08493b0964524d4cf8fde0a95b0107901c650b42ed7f31e076ffd4acb06f12f2,/Users/kaluozheng/Music-Player-Investigation/SongBase/SongResources/Dorothy - Polo & Pan.mp3,hard-link
28,qq:001XOOxM1gYUqp,Dragonfly Across An Ancient Sky,Helios,Ambient / Neo-Classical,Dragonfly Across An Ancient Sky - Helios.mp3,new,,Flow衔接 + ZMPD,True,8190188,f598a45f43c8a60d06b887dbada97414ab8331f50e8939a4e81c3e767fb9536b,/Users/kaluozheng/Music-Player-Investigation/SongBase/SongResources/Dragonfly Across An Ancient Sky - Helios.mp3,hard-link
29,qq:003dQS183cZrze,Drinking For Two,Cherry Ghost,Folk / Singer-Songwriter,Drinking For Two - Cherry Ghost.mp3,new,,Flow衔接 + ZMPD,False,7242092,bddb6db7917624382052aaa50ec949ae3270a289ef37b78322ea4e206b9105db,/Users/kaluozheng/Music-Player-Investigation/SongBase/SongResources/Drinking For Two - Cherry Ghost.mp3,hard-link
30,qq:002BtBtA3jlc1u,Elegy,Balmorhea,Ambient / Neo-Classical,Elegy - Balmorhea.mp3,new,,Flow衔接 + ZMPD,True,3355244,2d68713430aab4012f5e033928e78d3c53e3c79990b247c0bafe94ddbcbef819,/Users/kaluozheng/Music-Player-Investigation/SongBase/SongResources/Elegy - Balmorhea.mp3,hard-link
31,qq:000iVbhz1wBNpC,Embers,"GoGo Penguin, Yosi Horikawa",Jazz / Soul,Embers - GoGo Penguin.mp3,new,,Flow衔接 + ZMPD,True,4328684,a63ab69344f354c4c9253966d5befd0c318b43918d59622340d478fbe6e4c146,/Users/kaluozheng/Music-Player-Investigation/SongBase/SongResources/Embers - GoGo Penguin.mp3,hard-link
32,qq:001d8oLf3o4uPR,Errors,Alfa Mist,Jazz / Soul,Errors - Alfa Mist.mp3,new,,Flow衔接 + ZMPD,True,14425388,b81fafab712041f591e284f46b9dd000e3f8cb92f3d66c498c3248b6fc0e795c,/Users/kaluozheng/Music-Player-Investigation/SongBase/SongResources/Errors - Alfa Mist.mp3,hard-link
33,qq:002hQKfz3CWvP8,Evelyn,Goldmund,Ambient / Neo-Classical,Evelyn - Goldmund.mp3,new,,Flow衔接 + ZMPD,True,9965420,04c431da8b9e8acfb179934ac39be8c09f14f7261098463012e48772c1dbf11c,/Users/kaluozheng/Music-Player-Investigation/SongBase/SongResources/Evelyn - Goldmund.mp3,hard-link
34,qq:003iQ1eJ3V5gu8,Everyone Adores You (quiet),Matt Maltese,Folk / Singer-Songwriter,Everyone Adores You (quiet) - Matt Maltese.mp3,new,,Flow衔接 + ZMPD,False,4944428,7b8255e90279f7b81c78bd148f3724626993cc5c696040247f98ea20a7275564,/Users/kaluozheng/Music-Player-Investigation/SongBase/SongResources/Everyone Adores You (quiet) - Matt Maltese.mp3,hard-link
35,qq:003mSMTO49SmOq,Fall,Chon,Post-Rock / Cinematic,Fall - Chon.mp3,new,,Flow衔接 + ZMPD,True,5262380,555f0e02cfc3a7afc6b99861c6ee81c3d63b8df6b16d077300d265c557e54bde,/Users/kaluozheng/Music-Player-Investigation/SongBase/SongResources/Fall - Chon.mp3,hard-link
36,qq:002fTWca0uywtP,Feather,Nujabes,Hip-Hop / R&B,Feather - Nujabes.mp3,new,,Flow衔接 + ZMPD,True,4202540,bfb9c4d4c8834f13a4db008655edcb434e2b1c08bc89f273d47a7c67980612d5,/Users/kaluozheng/Music-Player-Investigation/SongBase/SongResources/Feather - Nujabes.mp3,hard-link
37,qq:000vzPwV025JK6,Featuring Uzuhan,"ARAI, Uzuhan",Hip-Hop / R&B,Featuring Uzuhan - ARAI.mp3,new,,Flow衔接 + ZMPD,False,8551340,36f90259727dcc6a1f35602177c2cdc95e7cf085f09660f098cd10f17b1d244c,/Users/kaluozheng/Music-Player-Investigation/SongBase/SongResources/Featuring Uzuhan - ARAI.mp3,hard-link
38,qq:002rsnfh4ReTtN,Ferrari,Bebe Rexha,Rock / Alternative,Ferrari - Bebe Rexha.mp3,new,,Flow衔接 + ZMPD,False,5162156,bc2a6210a5e4267ea996792fd01db18e300b73d9803e467edd6314861dc886de,/Users/kaluozheng/Music-Player-Investigation/SongBase/SongResources/Ferrari - Bebe Rexha.mp3,hard-link
39,qq:00181SoX0DnUMy,Find,Flica,Ambient / Neo-Classical,Find - Flica.mp3,new,,Flow衔接 + ZMPD,True,7134380,c3f16ecf3176f596169e55416c85b6e57eda7279fd56d4bd17ca9bd48642a0da,/Users/kaluozheng/Music-Player-Investigation/SongBase/SongResources/Find - Flica.mp3,hard-link
40,qq:003Vop5Z2Vz497,Fort,GoGo Penguin,Jazz / Soul,Fort - GoGo Penguin.mp3,anchor,Flowset-个人审美样本-郑卡罗-2026-07-22.json,已标锚点,True,4737644,661109135c201034476fbc51b3bb05442f2ef1d9a3a879b87bfc45311aafc108,/Users/kaluozheng/Music-Player-Investigation/Flowset-个人审美打标-Demo/音乐第二波测试/Fort - GoGo Penguin.mp3,hard-link
41,qq:002kzPLC0439Kl,Goldfish memory,Kidult.,Folk / Singer-Songwriter,Goldfish memory - Kidult.mp3,new,,Flow衔接 + ZMPD,False,6673965,1ac583d86a4709fe60e8ff73bde13955614d41cafd66d2c99745f37e06898413,/Users/kaluozheng/Music-Player-Investigation/SongBase/SongResources/Goldfish memory - Kidult.mp3,hard-link
42,qq:003Gjy9L1ZiwKe,Helios,fox capture plan,Jazz / Soul,Helios - fox capture plan.mp3,new,,Flow衔接 + ZMPD,True,7967852,72cbb029007bc2dbd27afd3a71ed42b10cf131c93fd877ef9a929c8cbce0f855,/Users/kaluozheng/Music-Player-Investigation/SongBase/SongResources/Helios - fox capture plan.mp3,hard-link
43,qq:000d0aAF3fboxy,Home,Hania Rani,Ambient / Neo-Classical,Home - Hania Rani.mp3,new,,Flow衔接 + ZMPD,True,6294572,e41c978af84b49b060e441032a63d47f701f2492602d089a2955b1fb064cd1cc,/Users/kaluozheng/Music-Player-Investigation/SongBase/SongResources/Home - Hania Rani.mp3,hard-link
44,qq:001jwFna4TZsu8,home,Jizue,Jazz / Soul,home - jizue.mp3,new,,Flow衔接 + ZMPD,True,9779948,c217973f1036a9e8d63113ab1ddf91e140964ddd61432af02690f3c2170d61f3,/Users/kaluozheng/Music-Player-Investigation/SongBase/SongResources/home - jizue.mp3,hard-link
45,qq:001sDz5R2EzU2G,I Love You,Cleo Sol,Jazz / Soul,I Love You - Cleo Sol.mp3,new,,Flow衔接 + ZMPD,True,4256684,9ae532dbaa3a31c76ca7ca96564eb1dc214b2f9dc8d99f5567d9410202fcdd58,/Users/kaluozheng/Music-Player-Investigation/SongBase/SongResources/I Love You - Cleo Sol.mp3,hard-link
46,qq:000quKhf3FvCwK,Indian Summer,"Banzo, Satbyeol",Hip-Hop / R&B,"Indian Summer - Banzo, Satbyeol.mp3",new,,Flow衔接 + ZMPD,False,8129324,efdd88b0071ea56295d5c0a88fbb9731253c1a31223f2eb2677b9d9042ad3da7,"/Users/kaluozheng/Music-Player-Investigation/SongBase/SongResources/Indian Summer - Banzo, Satbyeol.mp3",hard-link
47,qq:003nrM7x1bxBZn,Into the Spiral,fox capture plan,Jazz / Soul,Into the Spiral - fox capture plan.mp3,new,,Flow衔接 + ZMPD,True,6828524,66dcb577ee892f2067550c533341c1aa1cff948d1cae0a74d1b8769b53cab9b2,/Users/kaluozheng/Music-Player-Investigation/SongBase/SongResources/Into the Spiral - fox capture plan.mp3,hard-link
48,qq:000jYQMs0HPaDE,Island,Jizue,Jazz / Soul,Island - jizue.mp3,new,,Flow衔接 + ZMPD,True,6217964,5f3b907d358d49638962dd0c796f975513d58a890154f169b8cba3e41d634815,/Users/kaluozheng/Music-Player-Investigation/SongBase/SongResources/Island - jizue.mp3,hard-link
49,qq:000ZCrBG3LyaPW,Keep You,Airiel,Rock / Alternative,Keep You - Airiel.mp3,new,,Flow衔接 + ZMPD,False,8904428,1e56a191e1daf63a82f9022925a1a3cdf35690fc73adcf720169be62ed5a9cc8,/Users/kaluozheng/Music-Player-Investigation/SongBase/SongResources/Keep You - Airiel.mp3,hard-link
50,qq:002de5743DbVE5,King Bozzi (feat. Sam Greenfield),"Cory Wong, Metropole Orkest, Jules Buckley, Sam Greenfield",Jazz / Soul,King Bozzi (feat. Sam Greenfield) - Cory Wong.mp3,new,,Flow衔接 + ZMPD,True,6655724,304c31f704b12b952f85d09e20bd4ddaec0fd0d7d1faee6458d4986f0da15a3c,/Users/kaluozheng/Music-Player-Investigation/SongBase/SongResources/King Bozzi (feat. Sam Greenfield) - Cory Wong.mp3,hard-link
51,qq:003tPCAM2LAeE3,Laced,Kiasmos,Electronic,Laced - Kiasmos.mp3,new,,Flow衔接 + ZMPD,True,5452460,47a6a1fec091c8eb114b343a3fdf6d0cf53114fccc6de151357a195baa0ebaa1,/Users/kaluozheng/Music-Player-Investigation/SongBase/SongResources/Laced - Kiasmos.mp3,hard-link
52,qq:001u472F1GC22r,Lark,BLU-SWING,Rock / Alternative,Lark - BLU-SWING.mp3,new,,Flow衔接 + ZMPD,False,12552402,c52a3ead5bc34363850408589cf7182f27a88d8198a67ae02b9a2e7072352124,/Users/kaluozheng/Music-Player-Investigation/SongBase/SongResources/Lark - BLU-SWING.mp3,hard-link
53,qq:004WXemk1jJ3OX,Launch,Din of Celestial Birds,Post-Rock / Cinematic,Launch - Din of Celestial Birds.mp3,new,,Flow衔接 + ZMPD,True,7774892,cd94a5efc52c29e3cce217cb7565a9b15114ec29b77d50297443204c68c51890,/Users/kaluozheng/Music-Player-Investigation/SongBase/SongResources/Launch - Din of Celestial Birds.mp3,hard-link
54,qq:004cPu6Q0artaY,Lecture On Nothing,Mt.,Post-Rock / Cinematic,Lecture On Nothing - Mt..mp3,new,,Flow衔接 + ZMPD,True,11143916,7e910f8fc679d6aa6e11783460d35c67da81fd128a41fc0bbe98df94125bb03e,/Users/kaluozheng/Music-Player-Investigation/SongBase/SongResources/Lecture On Nothing - Mt..mp3,hard-link
55,qq:0047h8462rfTcs,Les Petits Gris,Khruangbin,Rock / Alternative,Les Petits Gris - Khruangbin.mp3,new,,Flow衔接 + ZMPD,True,5806700,5f963425b6e28635b041dab12760acb82fc0abd13a73e32c123624ec1adef3d6,/Users/kaluozheng/Music-Player-Investigation/SongBase/SongResources/Les Petits Gris - Khruangbin.mp3,hard-link
56,qq:0002pRmO0fauKi,Lifelong Song,Men I Trust,Electronic,Lifelong Song - Men I Trust.mp3,new,,Flow衔接 + ZMPD,True,4354604,aeab09e34f3214b1ecdaba82b114a20d71c97038f80b2ff3b7089f086e462fb3,/Users/kaluozheng/Music-Player-Investigation/SongBase/SongResources/Lifelong Song - Men I Trust.mp3,hard-link
57,qq:003dIBUs2CA00m,Light on the land,Nujabes,Hip-Hop / R&B,Light on the land - Nujabes.mp3,new,,Flow衔接 + ZMPD,True,5642540,85d50701e5cde34d68e6fc20ba821304aa874cf65f3aad334dedf300ed88670f,/Users/kaluozheng/Music-Player-Investigation/SongBase/SongResources/Light on the land - Nujabes.mp3,hard-link
58,qq:000MON9D0pQLrp,Lucky Love,Michael Seyer,Folk / Singer-Songwriter,Lucky Love - Michael Seyer.mp3,new,,Flow衔接 + ZMPD,False,6869996,29b7bf550f213cababa9db38c52b39239ed98215ff07b7b807bf51d84ceda315,/Users/kaluozheng/Music-Player-Investigation/SongBase/SongResources/Lucky Love - Michael Seyer.mp3,hard-link
59,qq:003uDpf31hSIH1,Mirror (Bedroom Session),Chestnut Bakery,Rock / Alternative,Mirror (Bedroom Session) - Chestnut Bakery.mp3,new,,Flow衔接 + ZMPD,False,6029612,0c0e5b66354f941bf6df2f3b0051ea43fb7d10a64310b630047f1cb2c0c1a2e2,/Users/kaluozheng/Music-Player-Investigation/SongBase/SongResources/Mirror (Bedroom Session) - Chestnut Bakery.mp3,hard-link
60,qq:002cafK8375Okl,Moon,Chon,Post-Rock / Cinematic,Moon - Chon.mp3,new,,Flow衔接 + ZMPD,True,1942892,b850fc0e24217c4bc676e976b5b9cf747bef218b7cbe5e3c223d1fe7cc5af444,/Users/kaluozheng/Music-Player-Investigation/SongBase/SongResources/Moon - Chon.mp3,hard-link
61,qq:002DboOi3iXY5q,One Love,Cleo Sol,Jazz / Soul,One Love - Cleo Sol.mp3,new,,Flow衔接 + ZMPD,True,1913516,9791851aac06fae2d391010683a9ec7a83c988003ce012831d163a82671f57ca,/Users/kaluozheng/Music-Player-Investigation/SongBase/SongResources/One Love - Cleo Sol.mp3,hard-link
62,qq:000KvPmc4Q5VOa,oooWooo,David Kushner,Folk / Singer-Songwriter,oooWooo - David Kushner.mp3,new,,Flow衔接 + ZMPD,False,4381676,45dcaf5f684297c83a85e49edcc8400c81835684f25c97653449fb94f77433bb,/Users/kaluozheng/Music-Player-Investigation/SongBase/SongResources/oooWooo - David Kushner.mp3,hard-link
63,qq:003D1uIB0zqMXf,Overcast,吴卓玲,Electronic,Overcast - 吴卓玲.mp3,new,,Flow衔接 + ZMPD,False,8909612,8af345fc90512e3d47fc48386c8e459403b7c71d6b28fb0689c2a9cc413a77d7,/Users/kaluozheng/Music-Player-Investigation/SongBase/SongResources/Overcast - 吴卓玲.mp3,hard-link
64,qq:003UFL0P2pVUuH,Pain Is Inevitable,Daniel Caesar,Hip-Hop / R&B,Pain Is Inevitable - Daniel Caesar.mp3,new,,Flow衔接 + ZMPD,True,7085420,5c88dc84f07de9ef8d3110bd174e5c9acd23a3dfe2f9ab2d2c3c9f306e5277b6,/Users/kaluozheng/Music-Player-Investigation/SongBase/SongResources/Pain Is Inevitable - Daniel Caesar.mp3,hard-link
65,qq:001pfAfi3u996V,Polly,Moses Sumney,Folk / Singer-Songwriter,Polly - Moses Sumney.mp3,new,,Flow衔接 + ZMPD,False,5258924,5c55f63f80ec38a7a9fdeb09c92902608debc156178ae4d546c8ef7041960ba2,/Users/kaluozheng/Music-Player-Investigation/SongBase/SongResources/Polly - Moses Sumney.mp3,hard-link
66,qq:004AZA8W14oEXi,Preface,"The Shanghai Restoration Project, Di Johnston",Electronic,Preface - The Shanghai Restoration Project.mp3,new,,Flow衔接 + ZMPD,False,4075820,38880a21842e6b4621019c822787f5d3f64007365914ffa633bb860c87393e64,/Users/kaluozheng/Music-Player-Investigation/SongBase/SongResources/Preface - The Shanghai Restoration Project.mp3,hard-link
67,qq:002tQHZk1b3ttd,Pretty Girl,Clairo,Folk / Singer-Songwriter,Pretty Girl - Clairo.mp3,new,,Flow衔接 + ZMPD,False,7159724,6407f5e08b403e119fddbd034889ae167d6c465608c46f562b90aaabde749f0b,/Users/kaluozheng/Music-Player-Investigation/SongBase/SongResources/Pretty Girl - Clairo.mp3,hard-link
68,qq:002GkQQ60Aiiys,Raise,Chilli Beans.,Rock / Alternative,Raise - Chilli Beans..mp3,new,,Flow衔接 + ZMPD,False,5219756,44995d71071476439fadc5823f462ff974d4efce7a7e2ab96035dad297c6f179,/Users/kaluozheng/Music-Player-Investigation/SongBase/SongResources/Raise - Chilli Beans..mp3,hard-link
69,qq:000ghioO0H90W3,Said N Done,"21 Savage, Metro Boomin",Hip-Hop / R&B,Said N Done - 21 Savage.mp3,new,,Flow衔接 + ZMPD,False,5565932,9dea798deba82b11083ecffb445808d2d85dab2c287cfbdf4c8ed68ecb461459,/Users/kaluozheng/Music-Player-Investigation/SongBase/SongResources/Said N Done - 21 Savage.mp3,hard-link
70,qq:0037ycgg1j7fBw,Salem Sisters,"Black Country, New Road",Rock / Alternative,Salem Sisters - Black Country.mp3,new,,Flow衔接 + ZMPD,False,4633388,0c2c871d1db6c7e5549e28b4d77a188b948efb83ba662f1df100ca9ce9a82e10,/Users/kaluozheng/Music-Player-Investigation/SongBase/SongResources/Salem Sisters - Black Country.mp3,hard-link
71,qq:002tDMql4JZNMa,San Narciso,Faded Paper Figures,Electronic,San Narciso - Faded Paper Figures.mp3,new,,Flow衔接 + ZMPD,False,10683079,011f78a7c9e27209812eb56a7393279f46cb9d28210b558bcaf8f855f1850fc7,/Users/kaluozheng/Music-Player-Investigation/SongBase/SongResources/San Narciso - Faded Paper Figures.mp3,hard-link
72,qq:00228A1v0s2cAf,Sea Gets Hotter,"Durand Jones, Durand Jones & The Indications, Aaron Frazer",Folk / Singer-Songwriter,Sea Gets Hotter - Durand Jones.mp3,new,,Flow衔接 + ZMPD,False,4734764,df5afa3e0a5cdd0c6efcb6de0e11d3c036f8653baa5c036f2082fbd05f93d991,/Users/kaluozheng/Music-Player-Investigation/SongBase/SongResources/Sea Gets Hotter - Durand Jones.mp3,hard-link
73,qq:002aDDHQ1QwW6G,semiautomatic,how to count one to ten,Post-Rock / Cinematic,semiautomatic - how to count one to ten.mp3,new,,Flow衔接 + ZMPD,True,8929196,d37507884a2eb2cdaf489953c1ef557618b5232cb08a5e35dff332092135c7fe,/Users/kaluozheng/Music-Player-Investigation/SongBase/SongResources/semiautomatic - how to count one to ten.mp3,hard-link
74,qq:000uIvKZ4e2WeA,september 13th,Yaya Bey,Hip-Hop / R&B,september 13th - Yaya Bey.mp3,new,,Flow衔接 + ZMPD,True,3092588,b922c25f832b202a65f925b1bf6cb963628d6d82eb7f65bfcee6913b0891325b,/Users/kaluozheng/Music-Player-Investigation/SongBase/SongResources/september 13th - Yaya Bey.mp3,hard-link
75,qq:002rlj5P36ALh2,Spirits,Caravan Palace,Electronic,Spirits - Caravan Palace.mp3,new,,Flow衔接 + ZMPD,False,9343724,cd5edf82b935dc8ab820e74af32165478e9d939fd3a92d3a5efc598829bb3fa1,/Users/kaluozheng/Music-Player-Investigation/SongBase/SongResources/Spirits - Caravan Palace.mp3,hard-link
76,qq:004HcOEj4bHXbc,Squared,Kiasmos,Electronic,Squared - Kiasmos.mp3,new,,Flow衔接 + ZMPD,True,7607276,13c9b1ad6e606ef4772319d2362da6ffdbbf96642af07fd810f08cb44092aa9c,/Users/kaluozheng/Music-Player-Investigation/SongBase/SongResources/Squared - Kiasmos.mp3,hard-link
77,qq:001YQySr3ggoqO,Starship Syncopation,"Cory Wong, Metropole Orkest, Jules Buckley",Jazz / Soul,Starship Syncopation - Cory Wong.mp3,new,,Flow衔接 + ZMPD,True,5535404,f65042df446eb130c7900deb8e4ec6cabd9d69599e4053bc8b331d369d807a9f,/Users/kaluozheng/Music-Player-Investigation/SongBase/SongResources/Starship Syncopation - Cory Wong.mp3,hard-link
78,qq:002w4Hxz3KpQ3C,Sweet Sorrow,iwamizu,Ambient / Neo-Classical,Sweet Sorrow - iwamizu.mp3,new,,Flow衔接 + ZMPD,True,3937580,623b2a05f8672a63e3eb70df4af0d295a76f4253cf07ed32f0c7631d5cb96bc8,/Users/kaluozheng/Music-Player-Investigation/SongBase/SongResources/Sweet Sorrow - iwamizu.mp3,hard-link
79,qq:00032MAj0Zer7d,The Deep South,Adam Young,Electronic,The Deep South - Adam Young.mp3,new,,Flow衔接 + ZMPD,False,4711148,da3009701caeeb6e02ec184fe97d6ff2cc8e3c2dd0b90c97dbf15744efa5b99c,/Users/kaluozheng/Music-Player-Investigation/SongBase/SongResources/The Deep South - Adam Young.mp3,hard-link
80,qq:003nzOeQ2mieuv,The Last Day of the End of the World,NoMBe,Folk / Singer-Songwriter,The Last Day of the End of the World - NoMBe.mp3,new,,Flow衔接 + ZMPD,False,5269868,256f71acfe2890d25afc0e75f91fc70ed090268c3987db5c3da2c68709fa25c0,/Users/kaluozheng/Music-Player-Investigation/SongBase/SongResources/The Last Day of the End of the World - NoMBe.mp3,hard-link
81,qq:001NX5Us0nXRwp,The View from Here,I Spell it Nature,Post-Rock / Cinematic,The View from Here - I Spell it Nature.mp3,new,,Flow衔接 + ZMPD,True,8517099,6e75597011d85b32d06decdf410f8c78bd49ba666a4434ede6bd02627c4c0e73,/Users/kaluozheng/Music-Player-Investigation/SongBase/SongResources/The View from Here - I Spell it Nature.mp3,hard-link
82,qq:002oykNu3iq2MX,The World Is Listening,Akua Naru,Hip-Hop / R&B,The World Is Listening - Akua Naru.mp3,new,,Flow衔接 + ZMPD,False,9282284,9cf9c1f9550a825dff716a5e884097628a524d3fd3a526630977ba01c85b34dd,/Users/kaluozheng/Music-Player-Investigation/SongBase/SongResources/The World Is Listening - Akua Naru.mp3,hard-link
83,qq:0049Ll8Q2kXd5w,This Is Hell,As The Stars Fall,Post-Rock / Cinematic,This Is Hell - As The Stars Fall.mp3,new,,Flow衔接 + ZMPD,True,8833580,6ba719d71fd94ccf5ecb68540b81b4fbcc1480d13f5ec36714b09725188d7252,/Users/kaluozheng/Music-Player-Investigation/SongBase/SongResources/This Is Hell - As The Stars Fall.mp3,hard-link
84,qq:002egewX3cCsqX,Tunnel Party,Chestnut Bakery,Rock / Alternative,Tunnel Party - Chestnut Bakery.mp3,new,,Flow衔接 + ZMPD,False,6470828,ef3e9c026897dcfbc575675ee1e02433c3139c917707777c6384113185b6916c,/Users/kaluozheng/Music-Player-Investigation/SongBase/SongResources/Tunnel Party - Chestnut Bakery.mp3,hard-link
85,qq:003iIXxY0MZbgn,Underwater Snow,Múm,Folk / Singer-Songwriter,Underwater Snow - Múm.mp3,new,,Flow衔接 + ZMPD,False,9980908,c6ef4c461ddb3fe78edf6d13bcb215e5fc1c9851ecf48186a47f77d41bac5a90,/Users/kaluozheng/Music-Player-Investigation/SongBase/SongResources/Underwater Snow - Múm.mp3,hard-link
86,qq:002ux3x00v2Qxd,Unstoppable,Daniel Caesar,Hip-Hop / R&B,Unstoppable - Daniel Caesar.mp3,new,,Flow衔接 + ZMPD,True,5948972,95c26a93a62fd0970f747eab58cb7d9f3f103c08b6d5c357b391878533c85c6e,/Users/kaluozheng/Music-Player-Investigation/SongBase/SongResources/Unstoppable - Daniel Caesar.mp3,hard-link
87,qq:002U5kxR2JbFsj,Vocoder,Floating Points,Electronic,Vocoder - Floating Points.mp3,new,,Flow衔接 + ZMPD,False,18220973,fcc66cf481af8595de5060e1dd36ac32fb4393adfc21482f736e4735cfd7f00e,/Users/kaluozheng/Music-Player-Investigation/SongBase/SongResources/Vocoder - Floating Points.mp3,hard-link
88,qq:002zhKMg3Z3RXT,We Shouldn‘t But ..,ARAI,Hip-Hop / R&B,We Shouldn‘t But .. - ARAI.mp3,new,,Flow衔接 + ZMPD,False,6398252,f84165e447db8ff2657185c65982e9e091b584998c5b91cb526dda47f89f2dce,/Users/kaluozheng/Music-Player-Investigation/SongBase/SongResources/We Shouldn‘t But .. - ARAI.mp3,hard-link
89,qq:001QedOf2fLgUt,Windbreaker,Choker,Hip-Hop / R&B,Windbreaker - Choker.mp3,new,,Flow衔接 + ZMPD,True,4086764,922f1c2a0f552ac54ce5f6d73efe77bc87081cbde5d2111923a45029da28a665,/Users/kaluozheng/Music-Player-Investigation/SongBase/SongResources/Windbreaker - Choker.mp3,hard-link
90,qq:0028McIG0GHato,your trip,chilldspot,Rock / Alternative,your trip - chilldspot.mp3,new,,Flow衔接 + ZMPD,False,5810732,ac2f5701d75e88fe32b01f5529851d996963fdcb5cad0c778ca65eaec65b6927,/Users/kaluozheng/Music-Player-Investigation/SongBase/SongResources/your trip - chilldspot.mp3,hard-link
91,qq:001SxfqB3cSWpH,あたたかな手,Humbert Humbert,Folk / Singer-Songwriter,あたたかな手 - Humbert Humbert.mp3,new,,Flow衔接 + ZMPD,False,11266132,32327a519c3252b4faf9f0fd5a8a6bcfef2c8a208e23241bdfdf5fde9885dc5a,/Users/kaluozheng/Music-Player-Investigation/SongBase/SongResources/あたたかな手 - Humbert Humbert.mp3,hard-link
92,qq:002pGrfv2C5coX,うみてんぐ,青葉市子,Folk / Singer-Songwriter,うみてんぐ - 青葉市子.mp3,new,,Flow衔接 + ZMPD,True,12575084,7772f7a6423e019eb926c36c6584c3194fd4d465f9f6e8268ec5692a8b3810e7,/Users/kaluozheng/Music-Player-Investigation/SongBase/SongResources/うみてんぐ - 青葉市子.mp3,hard-link
93,qq:002Ygfuj1s4GBW,はんなり,ko-ko-ya,Ambient / Neo-Classical,はんなり - ko-ko-ya.mp3,new,,Flow衔接 + ZMPD,True,2917484,6c85021c94fab2f73964ee974fb5b0d886b1f391ba661c028d1ade2c9d9c977d,/Users/kaluozheng/Music-Player-Investigation/SongBase/SongResources/はんなり - ko-ko-ya.mp3,hard-link
94,qq:0043RnKN2juH1Y,ゆさぎ,青葉市子,Folk / Singer-Songwriter,ゆさぎ - 青葉市子.mp3,new,,Flow衔接 + ZMPD,True,8626604,3052288a66f09f978b88b1e3f7dab0542eb3aa42903eb849ac999ae86bcedc90,/Users/kaluozheng/Music-Player-Investigation/SongBase/SongResources/ゆさぎ - 青葉市子.mp3,hard-link
95,qq:001WzisU1bVOXx,ゆめみちゃった,betcover!!,Rock / Alternative,ゆめみちゃった - betcover!!.mp3,new,,Flow衔接 + ZMPD,False,14357420,d1bb4ae8c93568f37aa67ac2a29da7f3fe2744f6a61bd2582a56f99ec275ee00,/Users/kaluozheng/Music-Player-Investigation/SongBase/SongResources/ゆめみちゃった - betcover!!.mp3,hard-link
96,qq:0029h2C534qCJT,ゴーゴースチーム,betcover!!,Rock / Alternative,ゴーゴースチーム - betcover!!.mp3,new,,Flow衔接 + ZMPD,False,14401964,0edc1d4a2b8d7410bab9f960d0d57754410ce4af38a88ccde2686e08bb8a4942,/Users/kaluozheng/Music-Player-Investigation/SongBase/SongResources/ゴーゴースチーム - betcover!!.mp3,hard-link
97,qq:001tYInb2PUxT6,ロマンス,羊文学,Rock / Alternative,ロマンス - 羊文学.mp3,new,,Flow衔接 + ZMPD,True,8624684,0fcedaa1d687dcfc936ff5063f5b91c823fdf6d0b45bfc685c5127af1b313cca,/Users/kaluozheng/Music-Player-Investigation/SongBase/SongResources/ロマンス - 羊文学.mp3,hard-link
98,qq:0046lNIa2q0FRB,東京ワルツ,Hotel New Tokyo,Post-Rock / Cinematic,東京ワルツ - Hotel New Tokyo.mp3,new,,ZMPD,False,9411308,a64f6e0c664e90c1ef9ceb13e4f0d252c028e945b2ba769d7ed2504797d479d6,/Users/kaluozheng/Music-Player-Investigation/SongBase/SongResources/東京ワルツ - Hotel New Tokyo.mp3,hard-link
99,qq:003NDIcA0XN7hw,美梦成空 (Dream fades),Fayzz,Post-Rock / Cinematic,美梦成空 (Dream fades) - Fayzz.mp3,new,,Flow衔接 + ZMPD,True,7669484,851defbb558a54a7dd7e89af4ba12daf400c1c09f79f35af550446a589fc8054,/Users/kaluozheng/Music-Player-Investigation/SongBase/SongResources/美梦成空 (Dream fades) - Fayzz.mp3,hard-link
100,qq:001smf6l4Jw7Fx,蝉,iimmune,Electronic,蝉 - iimmune.mp3,anchor,Flowset-个人审美样本·第五波高价值补标-anonymous-2026-09-26.json,已标锚点,True,7609580,6310eb26ab8ebdf6e2bc98221c57265ce9cb258bc02511bad798f8be1538ee47,/Users/kaluozheng/Music-Player-Investigation/Flowset-个人审美打标-Demo/音乐第五波测试/蝉 - iimmune.mp3,hard-link
